Zone,State,City,Name,Type,Establishment Year,time needed to visit in hrs,Google review rating,Entrance Fee in INR,Airport with 50km Radius,Weekly Off,Significance,DSLR Allowed,Number of google review in lakhs,Best Time to visit,Category,Latitude,Longitude,Wikipedia_URL,Wikipedia_Image
Northern,Delhi,Delhi,India Gate,War Memorial,1921,0.5,4.6,0,Yes,,Historical,Yes,2.6,Evening,Heritage,28.6129332,77.2294928,https://en.wikipedia.org/wiki/India_Gate,https://upload.wikimedia.org/wikipedia/commons/3/33/A_Mass_Run_against_Drug_Abuse%2C_on_the_occasion_of_the_International_Day_Against_Drug_Abuse_and_Illicit_Trafficking%2C_at_India_Gate%2C_in_New_Delhi_on_June_26%2C_2011.jpg
Northern,Delhi,Delhi,Humayun's Tomb,Tomb,1572,2.0,4.5,30,Yes,,Historical,Yes,0.4,Afternoon,Heritage,28.5932856,77.2506468,https://en.wikipedia.org/wiki/Humayun%27s_Tomb,https://upload.wikimedia.org/wikipedia/commons/d/d0/%22Capture_of_the_King_of_Delhi_by_Captain_Hodson%22.jpg
Northern,Delhi,Delhi,Akshardham Temple,Temple,2005,5.0,4.6,60,Yes,,Religious,No,0.4,Afternoon,Temple,28.6125167,77.2773184,https://en.wikipedia.org/wiki/Swaminarayan_Akshardham_(Delhi),https://upload.wikimedia.org/wikipedia/commons/9/98/Akshardham_Delhi_Ricky_W.jpg
Northern,Delhi,Delhi,Waste to Wonder Park,Theme Park,2019,2.0,4.1,50,Yes,Monday,Environmental,Yes,0.27,Evening,Modern,42.2781401,-74.9159946,https://en.wikipedia.org/wiki/List_of_parks_in_Delhi,https://upload.wikimedia.org/wikipedia/commons/7/75/Sunder_Nursery.jpg
Northern,Delhi,Delhi,Jantar Mantar,Observatory,1724,2.0,4.2,15,Yes,,Scientific,Yes,0.31,Morning,Modern,28.6271791,77.2166166,"https://en.wikipedia.org/wiki/Jantar_Mantar,_New_Delhi",https://upload.wikimedia.org/wikipedia/commons/5/5c/Earth-moon.jpg
Northern,Delhi,Delhi,Chandni Chowk,Market,1700,3.0,4.2,0,Yes,Sunday,Market,Yes,0.25,Afternoon,Modern,28.6559834,77.2321937,https://en.wikipedia.org/wiki/Chandni_Chowk,https://upload.wikimedia.org/wikipedia/commons/3/3d/A_panorama_in_12_folds_showing_the_procession_of_the_Emperor_Bahadur_Shah_to_celebrate_the_feast_of_the_%27Id.%2C_1843.jpg
Northern,Delhi,Delhi,Lotus Temple,Temple,1986,1.0,4.5,0,Yes,Monday,Religious,Yes,0.59,Evening,Temple,28.5533586,77.2586006,https://en.wikipedia.org/wiki/Lotus_Temple,https://upload.wikimedia.org/wikipedia/commons/2/22/101-Lotus-Temple-Information-Centre.JPG
Northern,Delhi,Delhi,Red Fort,Fort,1648,2.0,4.5,35,Yes,,Historical,Yes,1.5,Afternoon,Heritage,28.656081,77.2407959,https://en.wikipedia.org/wiki/Red_Fort,https://upload.wikimedia.org/wikipedia/commons/4/4c/%27Jujhar_Singh_Bundela_Kneels_in_Submission_to_Shah_Jahan%27%2C_painted_by_Bichitr%2C_c._1630%2C_Chester_Beatty_Library_%28cropped2%29.jpg
Northern,Delhi,Delhi,Agrasen ki Baoli,Stepwell,1400,1.0,4.2,0,Yes,,Historical,Yes,0.41,Afternoon,Heritage,28.6260676,77.2250111,https://en.wikipedia.org/wiki/Agrasen_Ki_Baoli,https://upload.wikimedia.org/wikipedia/commons/f/f4/Agrasen_Ki_Baoli_Panorama.jpg
Northern,Delhi,Delhi,Sunder Nursery,Park,1600,2.0,4.6,0,Yes,,Botanical,Yes,0.16,Afternoon,Modern,28.5969098,77.2470188,https://en.wikipedia.org/wiki/Sunder_Nursery,https://upload.wikimedia.org/wikipedia/commons/d/d1/Ampitheatre_Sunder_Nursery.jpg
Northern,Delhi,Delhi,Garden of Five Senses,Park,2003,2.0,4.1,35,Yes,,Botanical,Yes,0.23,Morning,Modern,28.5137724,77.1983445,https://en.wikipedia.org/wiki/Garden_of_Five_Senses,https://upload.wikimedia.org/wikipedia/commons/8/8e/Delhi_Tourism.JPG
Northern,Delhi,Delhi,Lodhi Garden,Park,1500,1.0,4.5,0,Yes,,Botanical,Yes,0.48,All,Modern,28.5962998,77.2215497,,images.jpg
Northern,Delhi,Delhi,National Gallery of Modern Art,Museum,1954,3.0,4.5,20,Yes,Monday,Artistic,Yes,0.08,All,Other,28.6096334,77.2341764,https://en.wikipedia.org/wiki/National_Gallery_of_Modern_Art,https://upload.wikimedia.org/wikipedia/commons/a/a6/Abanindranath_Tagore_-_My_Mother_-_Google_Art_Project.jpg
Northern,Delhi,Delhi,National Zoological Park ,Zoo,1959,3.0,4.1,80,Yes,Friday,Environmental,Yes,0.41,All,Modern,28.6026948,77.247176,https://en.wikipedia.org/wiki/National_Zoological_Park_Delhi,https://upload.wikimedia.org/wikipedia/commons/7/71/Black_Bear_in_National_Zoological_Park%2C_Delhi.jpg
Northern,Delhi,Delhi,Qutub Minar,Monument,1192,1.0,4.5,35,Yes,,Historical,Yes,1.37,Afternoon,Heritage,28.524413,77.1854501,https://en.wikipedia.org/wiki/Qutb_Minar,https://upload.wikimedia.org/wikipedia/commons/3/38/2018_Qutub_Minar_New_Delhi.jpg
Northern,Delhi,Delhi,National Science Centre,Science,1992,5.0,4.4,70,Yes,,Scientific,Yes,0.23,All,Modern,28.6256148,77.1621057,"https://en.wikipedia.org/wiki/National_Science_Centre,_Delhi",https://upload.wikimedia.org/wikipedia/commons/d/db/Indian_Science_and_Technology_Heritage_Gallery_-_National_Science_Centre_-_New_Delhi_2014-05-06_0833-0844_Compress.JPG
Western,Maharastra,Mumbai,Marine Drive,Promenade,Unknown,2.0,4.5,0,Yes,,Scenic,Yes,1.5,Evening,Modern,18.9478113,72.8203873,"https://en.wikipedia.org/wiki/Marine_Drive,_Mumbai",https://upload.wikimedia.org/wikipedia/commons/8/83/Chowpatti.jpg
Western,Maharastra,Mumbai,Gateway of India,Monument,1924,1.0,4.6,0,Yes,,Historical,Yes,3.6,All,Heritage,18.9219661,72.8345657,https://en.wikipedia.org/wiki/Gateway_of_India,https://upload.wikimedia.org/wikipedia/commons/a/ac/3_December_2008_Gateway_protest_march_5.jpg
Western,Maharastra,Mumbai,Chhatrapati Shivaji Maharaj Vastu Sangrahalaya,Museum,1922,1.0,4.6,500,Yes,,Historical,Yes,0.34,All,Other,18.9268772,72.8325921,https://en.wikipedia.org/wiki/Chhatrapati_Shivaji_Maharaj_Vastu_Sangrahalaya,https://upload.wikimedia.org/wikipedia/commons/9/99/Akbar%27s_amrour.jpg
Western,Maharastra,Mumbai,Sanjay Gandhi National Park,National Park,1996,3.0,4.3,50,Yes,Monday,Wildlife,Yes,0.6,All,Nature,19.215041,72.9121984,https://en.wikipedia.org/wiki/Sanjay_Gandhi_National_Park,https://upload.wikimedia.org/wikipedia/commons/e/ee/Asian_Elephant_in_Corbett_National_Park.jpg
Western,Maharastra,Mumbai,Siddhivinayak Temple,Temple,1881,2.0,4.8,0,Yes,,Religious,No,1.05,All,Temple,19.0169869,72.8302725,"https://en.wikipedia.org/wiki/Siddhivinayak_Temple,_Mumbai",https://upload.wikimedia.org/wikipedia/commons/4/46/Amriteshwar_temple.jpg
Western,Maharastra,Mumbai,Mahalaxmi Temple,Temple,1831,1.0,4.7,0,Yes,,Religious,No,0.33,All,Temple,19.054999,72.8692035,"https://en.wikipedia.org/wiki/Mahalakshmi_Temple,_Mumbai",https://upload.wikimedia.org/wikipedia/commons/4/46/Amriteshwar_temple.jpg
Western,Maharastra,Mumbai,Haji Ali Dargah,Religious Shrine,1431,2.0,4.4,0,Yes,,Religious,No,0.16,All,Temple,18.9828229,72.8089926,https://en.wikipedia.org/wiki/Haji_Ali_Dargah,https://upload.wikimedia.org/wikipedia/commons/4/4e/Allah-green.svg
Western,Maharastra,Mumbai,Chowpatty Beach,Beach,Unknown,2.0,4.3,0,Yes,,Recreational,Yes,0.05,Evening,Nature,18.9543589,72.8128787,https://en.wikipedia.org/wiki/Girgaon_Chowpatty,https://upload.wikimedia.org/wikipedia/commons/8/83/Chowpatti.jpg
Western,Maharastra,Mumbai,Essel World,Amusement Park,1986,5.0,4.3,1149,Yes,,Recreational,Yes,0.27,All,Modern,19.2253824,72.8080979,https://en.wikipedia.org/wiki/EsselWorld,https://upload.wikimedia.org/wikipedia/commons/0/0c/Red_pog.svg
Western,Maharastra,Mumbai,Elephanta Caves,Monument,1987,4.0,4.3,550,Yes,,Historical,Yes,0.35,All ,Heritage,19.054999,72.8692035,https://en.wikipedia.org/wiki/Elephanta_Island,https://upload.wikimedia.org/wikipedia/commons/7/74/Elephanta_Canon_2_1.jpg
Western,Maharastra,Lonavala,Imagicaa,Amusement Park,2013,5.0,1.4,1149,No,Monday,Recreational,Yes,0.95,All,Modern,18.7503694,73.4069436,https://en.wikipedia.org/wiki/Della_Adventure_Park,https://upload.wikimedia.org/wikipedia/commons/6/66/Super_Star%2C_Freak_Out_and_KMG_Booster%2C_night.jpg
Southern,Karnataka,Bangalore,Bangalore Palace,Palace,1878,2.0,4.2,500,Yes,Monday,Historical,Yes,0.9,Morning,Heritage,12.9985954,77.5920086,https://en.wikipedia.org/wiki/Bengaluru,https://upload.wikimedia.org/wikipedia/commons/7/78/Aerial_view_of_a_TV_Tower_in_Bangalore_%282%29.jpg
Southern,Karnataka,Bangalore,Lalbagh Botanical Garden,Botanical Garden,1760,1.5,4.4,20,Yes,,Nature,Yes,1.5,Evening,Nature,12.9488492,77.5868882,https://en.wikipedia.org/wiki/Lal_Bagh,https://upload.wikimedia.org/wikipedia/commons/7/7b/Bombax_LalBagh.JPG
Southern,Karnataka,Bangalore,Cubbon Park,Park,1870,1.0,4.4,0,Yes,,Nature,Yes,1.32,Morning,Modern,12.9808954,77.597562,https://en.wikipedia.org/wiki/Cubbon_Park,https://upload.wikimedia.org/wikipedia/commons/4/40/Bangalore_City_Central_Library.jpg
Southern,Karnataka,Bangalore,Vidhana Soudha,Government Building,1956,0.5,4.6,0,Yes,,Architectural,No,0.8,Morning,Heritage,12.9797454,77.5906167,https://en.wikipedia.org/wiki/Vidhana_Soudha,https://upload.wikimedia.org/wikipedia/commons/6/6c/First_Day_Pictorial_Cancellation_of_Vidhana_Soudha%2C_Bangalore_%285_January_1979%29.jpg
Southern,Karnataka,Bangalore,ISKCON Temple Bangalore,Temple,1997,1.0,4.6,0,Yes,,Religious,Yes,1.14,Evening,Temple,13.011855,77.5514407,"https://en.wikipedia.org/wiki/ISKCON_Temple,_Bengaluru",https://upload.wikimedia.org/wikipedia/commons/e/e7/3-PA300293_A_pond.JPG
Southern,Telangana,Hyderabad,Charminar,Landmark,1591,1.0,4.5,25,Yes,Friday,Historical,Yes,2.1,Morning,Heritage,17.3616024,78.4746421,https://en.wikipedia.org/wiki/Charminar,https://upload.wikimedia.org/wikipedia/commons/f/f7/A_typical_charminar_evening.jpg
Southern,Telangana,Hyderabad,Golconda Fort,Fort,1600,2.0,4.4,30,Yes,,Historical,Yes,1.2,Morning,Heritage,17.3833665,78.4010991,https://en.wikipedia.org/wiki/Golconda,https://upload.wikimedia.org/wikipedia/commons/d/df/Aerial_view_of_Golconda_fort.jpg
Southern,Telangana,Hyderabad,Hussain Sagar Lake,Lake,1563,1.0,4.3,0,Yes,,Scenic,Yes,0.5,Evening,Nature,17.4229112,78.475421,https://en.wikipedia.org/wiki/Hussain_Sagar,https://upload.wikimedia.org/wikipedia/commons/f/fe/125_feet_Ambedkar_Statue_in_Hyderabad%2C_Telangana_%28cropped%29.jpg
Southern,Telangana,Hyderabad,Ramoji Film City,Film Studio,1996,4.0,4.4,1150,Yes,,Entertainment,Yes,0.45,All,Modern,17.2524153,78.6798949,https://en.wikipedia.org/wiki/Ramoji_Film_City,https://upload.wikimedia.org/wikipedia/commons/e/ed/Bahubali_Set_in_RFC_4.jpg
Southern,Telangana,Hyderabad,Salar Jung Museum,Museum,1951,2.0,4.4,20,Yes,,Historical,Yes,0.67,All,Other,17.371392,78.4801498,https://en.wikipedia.org/wiki/Salar_Jung_Museum,https://upload.wikimedia.org/wikipedia/commons/2/22/Anantasayana_Vishnu.jpg
Southern,Telangana,Hyderabad,Qutb Shahi Tombs,Tombs,1600,1.0,4.4,25,Yes,,Historical,Yes,0.2,Morning,Heritage,17.3973713,78.4001622,https://en.wikipedia.org/wiki/Qutb_Shahi_tombs,https://upload.wikimedia.org/wikipedia/commons/4/4e/Allah-green.svg
Southern,Telangana,Hyderabad,Birla Mandir,Temple,1976,1.0,4.7,0,Yes,,Religious,No,0.41,All,Temple,17.4060776,78.4689591,"https://en.wikipedia.org/wiki/Birla_Mandir,_Hyderabad",https://upload.wikimedia.org/wikipedia/commons/0/00/Bhadrachalam_temple_View_from_Lord_Narasimha_Temple.JPG
Southern,Telangana,Hyderabad,Chowmahalla Palace,Palace,1800,1.5,4.4,80,Yes,,Historical,Yes,0.45,Morning,Heritage,17.3575817,78.4717055,https://en.wikipedia.org/wiki/Chowmahalla_Palace,https://upload.wikimedia.org/wikipedia/commons/7/71/Charminar_Hyderabad_1.jpg
Southern,Telangana,Hyderabad,Nehru Zoological Park,Zoo,1963,3.0,4.2,50,Yes,,Wildlife,Yes,0.86,Morning,Modern,17.3514419,78.4455598,https://en.wikipedia.org/wiki/Nehru_Zoological_Park,https://upload.wikimedia.org/wikipedia/commons/5/5b/Bear_1.JPG
Southern,Telangana,Hyderabad,Lumbini Park,Park,1994,1.0,4.1,20,Yes,,Recreational,Yes,0.73,Evening,Modern,17.4097139,78.4728234,https://en.wikipedia.org/wiki/Lumbini_Park,https://upload.wikimedia.org/wikipedia/commons/e/ef/A_ride_at_Lumbini_park.jpg
Eastern,West Bengal,Kolkata,Victoria Memorial,Museum,1921,1.5,4.6,30,Yes,Monday,Historical,Yes,0.73,Morning,Other,22.5449558,88.3425545,"https://en.wikipedia.org/wiki/Victoria_Memorial,_Kolkata",https://upload.wikimedia.org/wikipedia/commons/1/14/Angel_of_Kolkata_Victoria_Memorial.jpg
Eastern,West Bengal,Kolkata,Howrah Bridge,Bridge,1943,0.5,4.6,0,Yes,,Architectural,No,1.2,Anytime,Hidden Gem,22.5850528,88.3469761,https://en.wikipedia.org/wiki/Howrah_Bridge,https://upload.wikimedia.org/wikipedia/commons/b/b5/Ferry_Howrah_Bridge.jpg
Eastern,West Bengal,Kolkata,Indian Museum,Museum,1814,2.0,4.6,50,Yes,Monday,Historical,Yes,0.18,Morning,Other,22.5575863,88.3510335,https://en.wikipedia.org/wiki/Indian_Museum,https://upload.wikimedia.org/wikipedia/commons/7/79/Ashok_Stambha_at_Indian_Museum%2C_Kolkata.jpg
Eastern,West Bengal,Kolkata,Dakshineswar Kali Temple,Temple,1855,1.0,4.7,0,Yes,,Religious,Yes,0.82,Morning,Temple,22.654827,88.3575776,https://en.wikipedia.org/wiki/Dakshineswar_Kali_Temple,https://upload.wikimedia.org/wikipedia/commons/3/30/1_Om.svg
Eastern,West Bengal,Kolkata,Kalighat Kali Temple,Temple,1809,1.0,4.4,0,Yes,,Religious,Yes,0.5,Morning,Temple,22.520211,88.3420596,https://en.wikipedia.org/wiki/Kalighat_Temple,https://upload.wikimedia.org/wikipedia/commons/6/67/Aum_Om_red.svg
Eastern,West Bengal,Kolkata,Eden Gardens,Cricket Ground,1864,3.0,4.1,2500,Yes,,Sports,Yes,0.1,All,Modern,22.5646093,88.3423371,https://en.wikipedia.org/wiki/Eden_Gardens,https://upload.wikimedia.org/wikipedia/commons/3/38/Aiga_railtransportation_25.svg
Eastern,West Bengal,Kolkata,Alipore Zoological Gardens,Zoo,1876,2.0,4.3,25,Yes,,Wildlife,Yes,0.66,Afternoon,Modern,22.5726459,88.3638953,"https://en.wikipedia.org/wiki/Zoological_Garden,_Alipore",https://upload.wikimedia.org/wikipedia/commons/8/8f/AliporeZooSchwendler.jpg
Eastern,West Bengal,Kolkata,Science City Kolkata,Science,1997,3.0,4.4,60,Yes,,Educational,Yes,0.88,All,Modern,22.5400604,88.3958472,https://en.wikipedia.org/wiki/Kolkata_Metro,https://upload.wikimedia.org/wikipedia/commons/0/01/Calcutta-line1.jpg
Eastern,West Bengal,Kolkata,Belur Math,Site,1898,1.5,4.7,0,Yes,,Religious,Yes,0.47,Morning,Other,22.5726459,88.3638953,https://en.wikipedia.org/wiki/Belur_Math,https://upload.wikimedia.org/wikipedia/commons/3/30/1_Om.svg
Eastern,West Bengal,Kolkata,Marble Palace,Palace,1835,1.0,4.4,0,Yes,,Historical,Yes,0.1,Afternoon,Heritage,22.5821271,88.3602101,https://en.wikipedia.org/wiki/Marble_Palace_(Kolkata),https://upload.wikimedia.org/wikipedia/commons/8/83/Marble_Palace%2C_Calcutta_in_1945.jpg
Southern,Goa,Goa,Calangute Beach,Beach,Unknown,2.0,4.4,0,Yes,,Scenic,Yes,0.26,Evening,Nature,15.5424885,73.7555617,https://en.wikipedia.org/wiki/Calangute,https://upload.wikimedia.org/wikipedia/commons/6/63/Altars_at_St._Alex_Church%2C_Calangute.jpg
Southern,Goa,Goa,Basilica of Bom Jesus,Church,1605,1.0,4.5,0,Yes,,Historical,Yes,0.59,Afternoon,Temple,15.5006961,73.9117039,https://en.wikipedia.org/wiki/Basilica_of_Bom_Jesus,https://upload.wikimedia.org/wikipedia/commons/5/5a/046CupolaSPietro.jpg
Southern,Goa,Goa,Fort Aguada,Fort,1612,1.5,4.2,0,Yes,,Historical,Yes,0.95,Morning,Heritage,15.4923866,73.7735976,https://en.wikipedia.org/wiki/Fort_Aguada,https://upload.wikimedia.org/wikipedia/commons/4/44/Agoda_Goa_RajakumarDhaamodharan.jpg
Southern,Goa,Goa,Dudhsagar Falls,Waterfall,Unknown,3.0,4.6,500,Yes,,Nature,Yes,0.3,Afternoon,Nature,15.3156176,74.3142493,https://en.wikipedia.org/wiki/Dudhsagar_Falls,https://upload.wikimedia.org/wikipedia/commons/0/0f/Castle_rock_railway_station%2C_Karnataka.jpg
Southern,Goa,Goa,Anjuna Beach,Beach,Unknown,2.0,4.4,0,Yes,,Scenic,Yes,0.18,Evening,Nature,15.5758504,73.7402545,https://en.wikipedia.org/wiki/Anjuna,https://upload.wikimedia.org/wikipedia/commons/e/ef/Anjuna%2C_Goa%2C_India%2C_Holy_Hindu_cows.jpg
Southern,Goa,Goa,Chapora Fort,Fort,1617,1.0,4.2,0,Yes,,Historical,Yes,0.19,Evening,Heritage,15.6059531,73.7352845,https://en.wikipedia.org/wiki/Chapora_Fort,https://upload.wikimedia.org/wikipedia/commons/5/5c/Chapora_fort_25012016.jpg
Southern,Goa,Goa,Se Cathedral,Church,1640,1.0,4.5,0,Yes,,Historical,Yes,0.05,Afternoon,Temple,15.5037349,73.9121938,https://en.wikipedia.org/wiki/Se_Cathedral,https://upload.wikimedia.org/wikipedia/commons/0/0e/Bell_Tower_on_Se_Cathedral.jpg
Southern,Goa,Goa,Baga Beach,Beach,Unknown,2.0,4.5,0,Yes,,Scenic,Yes,0.35,Evening,Nature,15.5573721,73.75098,"https://en.wikipedia.org/wiki/Baga,_Goa",https://upload.wikimedia.org/wikipedia/commons/0/0d/BagaBeachPanorana.jpg
Southern,Goa,Goa,Arambol Beach,Beach,Unknown,2.0,4.6,0,Yes,,Scenic,Yes,0.1,Evening,Nature,15.6786308,73.7051496,https://en.wikipedia.org/wiki/Arambol,https://upload.wikimedia.org/wikipedia/commons/8/82/Arambol-give-tylicki.jpg
Southern,Goa,Goa,Palolem Beach,Beach,Unknown,2.0,4.6,0,Yes,,Scenic,Yes,0.27,Evening,Nature,15.0093077,74.024229,https://en.wikipedia.org/wiki/Palolem_Beach,https://upload.wikimedia.org/wikipedia/commons/b/ba/Fishing.svg
Southern,Goa,Goa,Colva Beach,Beach,Unknown,2.0,4.3,0,Yes,,Scenic,Yes,0.1,Evening,Nature,15.2857909,73.9105447,https://en.wikipedia.org/wiki/Colva,https://upload.wikimedia.org/wikipedia/commons/e/e1/Colva_Church.jpg
Southern,Goa,Goa,Miramar Beach,Beach,Unknown,1.5,4.2,0,Yes,,Scenic,Yes,0.3,Evening,Nature,15.4766811,73.8066757,"https://en.wikipedia.org/wiki/Miramar,_Goa",https://upload.wikimedia.org/wikipedia/commons/b/bb/Miramar_24022016.jpg
Southern,Goa,Goa,Aguada Beach,Beach,Unknown,2.0,4.5,0,Yes,,Scenic,Yes,0.01,Evening,Nature,15.4988795,73.7672505,https://en.wikipedia.org/wiki/Fort_Aguada,https://upload.wikimedia.org/wikipedia/commons/4/44/Agoda_Goa_RajakumarDhaamodharan.jpg
Southern,Goa,Goa,Dr. Salim Ali Bird Santuary,Bird Sanctuary,1988,2.0,3.9,10,Yes,,Wildlife,Yes,0.03,Afternoon,Nature,58.98842,5.622444,,images.jpg
Western,Gujarat,Ahmedabad,Sabarmati Ashram,Historical,1915,1.5,4.6,0,Yes,,Historical,Yes,0.35,Morning,Heritage,23.0601651,72.5806382,https://en.wikipedia.org/wiki/Sabarmati_Ashram,https://upload.wikimedia.org/wikipedia/commons/c/c3/Artifacts_used_by_Mahatma_Gandhi_and_Kasturabaa_Gandhi_at_Sabarmati_Ashram_%2C_Ahamadaabad.jpg
Western,Gujarat,Dwarka,Dwarkadhish Temple,Temple,-400,2.0,4.7,0,No,,Religious,No,0.59,Evening,Temple,22.2377737,68.9675115,https://en.wikipedia.org/wiki/Dwarkadhish_Temple,https://upload.wikimedia.org/wikipedia/commons/5/51/ABX_SHRI_PURUSHOTTAMA_KSHETRA_PURI.jpg
Western,Gujarat,Junagadh,Gir National Park,National Park,1965,3.0,4.5,3500,No,,Wildlife,Yes,0.08,Morning,Nature,21.1267789,70.7747952,https://en.wikipedia.org/wiki/Gir_National_Park,https://upload.wikimedia.org/wikipedia/commons/5/51/Adult_Asiatic_Lion.jpg
Western,Gujarat,Bhuj,White Desert,Site,1950,2.5,4.6,0,Yes,,Nature,Yes,0.12,Evening,Other,23.8304196,69.5200898,https://en.wikipedia.org/wiki/Bhuj,https://upload.wikimedia.org/wikipedia/commons/a/ac/19132_Kutch_Express_at_Bhuj_railway_station.jpg
Western,Gujarat,Vadodara,Laxmi Vilas Palace,Palace,1890,2.0,4.4,200,Yes,Monday,Historical,Yes,0.17,Afternoon,Heritage,22.2918544,73.1883335,"https://en.wikipedia.org/wiki/Lakshmi_Vilas_Palace,_Vadodara",https://upload.wikimedia.org/wikipedia/commons/b/bd/LakshmiVilas_Palace.jpg
Western,Gujarat,Somnath,Somnath Temple,Temple,1951,2.0,4.8,0,No,,Religious,No,0.39,Morning,Temple,20.8877577,70.4013836,https://en.wikipedia.org/wiki/Somnath_temple,https://upload.wikimedia.org/wikipedia/commons/f/f3/19th_century_archive_photos_of_Somanatha_temple%2C_Veraval_Prabhas_Patan%2C_Gujarat.jpg
Western,Gujarat,Rann of Kutch,Rann Utsav,Cultural,Unknown,3.0,4.9,7500,Yes,,Cultural,Yes,0.1,Evening,Heritage,23.7905518,70.4966137,https://en.wikipedia.org/wiki/Great_Rann_of_Kutch,https://upload.wikimedia.org/wikipedia/commons/6/65/Gujarat_Gulfs.jpg
Western,Gujarat,Kevadia,Statue of Unity,Monument,2018,3.0,4.6,350,No,Monday,Historical,Yes,0.67,All,Heritage,21.2947722,73.1472445,https://en.wikipedia.org/wiki/Statue_of_Unity,https://upload.wikimedia.org/wikipedia/commons/8/88/%22STATUE_OF_UNITY%22-_Kevadia_%28Gujarat%29_becomes_a_%22Land_of_Billion_Lights%22_at_night..webm
Western,Gujarat,Gandhinagar,Dandi Kutir,Museum,2013,1.5,4.5,0,No,,Historical,Yes,0.05,All,Other,23.2328055,72.631196,,images.jpg
Western,Gujarat,Ahmedabad,Sabarmati Riverfront,Urban Development Project,2012,1.0,4.6,0,Yes,,Recreational,Yes,0.1,Evening,Modern,23.0192844,72.5736364,https://en.wikipedia.org/wiki/Sabarmati_Riverfront,https://upload.wikimedia.org/wikipedia/commons/9/99/Ahmedabad_Riverfront.JPG
Western,Gujarat,Ahmedabad,Manek Chowk,Market,Unknown,2.0,4.4,0,Yes,,Food,Yes,0.49,Night,Modern,23.0231798,72.5889516,https://en.wikipedia.org/wiki/Manek_Chowk_(Ahmedabad),https://upload.wikimedia.org/wikipedia/commons/5/54/Ahmedabad_Stock_Exchange.jpg
Western,Gujarat,Ahmedabad,Kankaria Lake,Lake,1451,3.0,4.5,10,Yes,,Recreational,Yes,0.3,Afternoon,Nature,23.0061433,72.5995212,https://en.wikipedia.org/wiki/Kankaria_Lake,https://upload.wikimedia.org/wikipedia/commons/4/47/Ahmedabad2007-048.JPG
Western,Gujarat,Ahmedabad,Science City,Science,2002,7.0,4.4,500,Yes,Monday,Educational,Yes,0.11,All,Modern,23.077854,72.494798,https://en.wikipedia.org/wiki/Ahmedabad,https://upload.wikimedia.org/wikipedia/commons/f/f7/1901_Ahmedabadi_Market.jpg
Northern,Rajasthan,Jaipur,Hawa Mahal,Palace,1799,1.0,4.4,50,Yes,,Architectural,Yes,1.3,Morning,Heritage,26.923932,75.8268652,https://en.wikipedia.org/wiki/Hawa_Mahal,https://upload.wikimedia.org/wikipedia/commons/4/41/East_facade_Hawa_Mahal_Jaipur_from_ground_level_%28July_2022%29_-_img_01.jpg
Northern,Rajasthan,Udaipur,City Palace,Palace,1559,2.0,4.4,300,Yes,,Historical,Yes,0.51,All,Heritage,24.5760597,73.6835668,"https://en.wikipedia.org/wiki/City_Palace,_Udaipur",https://upload.wikimedia.org/wikipedia/commons/7/7e/City_Palace_Aerial_View_by_Pranshu_Dubey.jpg
Northern,Rajasthan,Jaisalmer,Jaisalmer Fort,Fort,1156,2.5,4.4,50,No,,Historical,Yes,0.56,All,Heritage,26.9127655,70.9124933,https://en.wikipedia.org/wiki/Jaisalmer_Fort,https://upload.wikimedia.org/wikipedia/commons/a/ae/20170309_094915_Jaisalmer_fort_anagoria.jpg
Northern,Rajasthan,Sawai Madhopur,Ranthambore National Park,Wildlife Sanctuary,1980,3.0,4.6,500,No,,Wildlife,Yes,0.09,All,Nature,26.1137182,76.4240637,https://en.wikipedia.org/wiki/Sawai_Madhopur_district,https://upload.wikimedia.org/wikipedia/commons/d/d1/36_Pillars_Chhatri_-_Ranthambore_Fort%2C_Sawai_Madhopur.jpg
Northern,Rajasthan,Pushkar,Pushkar Lake,Temple,1400,1.5,4.4,0,No,,Religious,Yes,1.6,All,Temple,26.4875533,74.5540466,https://en.wikipedia.org/wiki/Pushkar_Fair,https://upload.wikimedia.org/wikipedia/commons/2/29/%281%29_Pushkar_Fair%2C_Camel_Festival%2C_I_love_my_camel.jpg
Northern,Rajasthan,Ajmer,Ajmer Sharif Dargah,Shrine,1236,1.0,4.6,0,Yes,,Religious,No,0.35,All,Temple,26.4563076,74.6279567,https://en.wikipedia.org/wiki/Ajmer_Dargah_bombing,https://upload.wikimedia.org/wikipedia/commons/0/0c/Red_pog.svg
Northern,Rajasthan,Jodhpur,Mehrangarh Fort,Fort,1459,2.0,4.6,100,Yes,,Historical,Yes,0.64,All,Heritage,26.2995407,73.0195132,https://en.wikipedia.org/wiki/Mehrangarh,https://upload.wikimedia.org/wikipedia/commons/8/84/Chamunda_Devi_Temple_Jodhpur.jpg
Northern,Rajasthan,Chittorgarh,Chittorgarh Fort,Fort,700,2.0,4.6,40,No,,Historical,Yes,1.9,All,Heritage,24.8817143,74.6466948,https://en.wikipedia.org/wiki/Chittor_Fort,https://upload.wikimedia.org/wikipedia/commons/f/fe/A_Painting_of_the_Fort_1857.jpg
Northern,Rajasthan,Mount Abu,Dilwara Temples,Temple,1100,1.0,4.6,0,No,,Religious,No,0.05,All,Temple,24.592433,72.7081876,https://en.wikipedia.org/wiki/Dilwara_Temples,https://upload.wikimedia.org/wikipedia/commons/9/9a/Ceiling_of_Dilwara_Jain_Temple_Abu_Rajasthan_India.jpg
Northern,Rajasthan,Bikaner,Junagarh Fort,Fort,1589,2.0,4.5,50,Yes,,Historical,Yes,0.32,All,Heritage,28.0223479,73.318133,https://en.wikipedia.org/wiki/Junagarh_Fort,https://upload.wikimedia.org/wikipedia/commons/f/f0/Bikaner_fort_view_08.jpg
Northern,Rajasthan,Jaipur,Amber Fort,Fort,1592,2.0,4.6,100,Yes,,Historical,Yes,1.5,All,Heritage,26.9863104,75.8506607,"https://en.wikipedia.org/wiki/Amber,_India",https://upload.wikimedia.org/wikipedia/commons/e/e5/1985.04.15_31_Fort_Amber_India.jpg
Northern,Rajasthan,Jaipur,Jaigarh Fort,Fort,1726,1.5,4.5,35,Yes,,Historical,Yes,0.3,All,Heritage,26.9830235,75.8471945,https://en.wikipedia.org/wiki/Jaigarh_Fort,https://upload.wikimedia.org/wikipedia/commons/2/22/Aravalli_Hills.jpg
Northern,Rajasthan,Udaipur,Lake Pichola,Lake,1362,1.0,4.6,0,Yes,,Nature,Yes,0.5,All,Nature,24.5696217,73.6721833,https://en.wikipedia.org/wiki/Lake_Pichola,https://upload.wikimedia.org/wikipedia/commons/7/7e/City_Palace_of_Udaipur.jpg
Northern,Punjab,Amritsar,Golden Temple (Harmandir Sahib),Religious Site,1604,1.5,4.9,0,Yes,,Spiritual,Yes,1.9,All,Temple,31.6199787,74.8765281,https://en.wikipedia.org/wiki/Golden_Temple,https://upload.wikimedia.org/wikipedia/commons/b/bc/1860s_photo_of_the_Amritsar_Golden_Temple_with_the_British_style_Gothic_Clock_Tower.jpg
Northern,Punjab,Amritsar,Jallianwala Bagh,Memorial,1951,1.0,4.8,0,Yes,,Historical,Yes,0.3,Afternoon,Heritage,31.6208537,74.8801304,https://en.wikipedia.org/wiki/Jallianwala_Bagh,https://upload.wikimedia.org/wikipedia/commons/f/fd/Amritsar_20180906_115355.jpg
Northern,Punjab,Amritsar,Wagah Border,Border Crossing,1950,2.0,4.8,0,Yes,,Cultural,Yes,0.17,Evening,Hidden Gem,31.6236655,74.8793363,https://en.wikipedia.org/wiki/Wagah,https://upload.wikimedia.org/wikipedia/commons/6/66/Bab_e_Azadi_Wahga_Border.jpg
Northern,Punjab,Chandigarh,Rock Garden,Sculpture Garden,1976,2.0,4.5,30,Yes,,Artistic,Yes,0.5,All,Hidden Gem,30.6741922,76.7909851,https://en.wikipedia.org/wiki/Rock_Garden_of_Chandigarh,https://upload.wikimedia.org/wikipedia/commons/e/e3/Chand2.jpg
Southern,Kerala,Alappuzha,Alappuzha Beach,Beach,Unknown,1.5,4.5,0,Yes,,Recreational,Yes,0.11,All,Nature,9.4824643,76.3199375,https://en.wikipedia.org/wiki/Alappuzha_district,https://upload.wikimedia.org/wikipedia/commons/b/b9/AC_Road_SH-11.JPG
Southern,Kerala,Munnar,Munnar Tea Gardens,Scenic Area,Unknown,2.0,4.3,0,No,,Nature,Yes,0.3,All,Hidden Gem,10.0869959,77.0600915,https://en.wikipedia.org/wiki/Idukki_district,https://upload.wikimedia.org/wikipedia/commons/c/c1/AnaimudiPeak_DSC_4834.jpg
Southern,Kerala,Kochi,Fort Kochi,Site,1503,1.0,4.4,0,Yes,,Historical,Yes,0.1,All,Other,9.967569,76.2421901,https://en.wikipedia.org/wiki/Kochi,https://upload.wikimedia.org/wikipedia/commons/5/5f/07.10.2007_Sunset_at_Kochi-Fishernets.jpg
Southern,Kerala,Thiruvananthapuram,Padmanabhaswamy Temple,Temple,Unknown,1.0,4.7,0,Yes,,Religious,No,0.46,All,Temple,8.4827027,76.9438872,https://en.wikipedia.org/wiki/Padmanabhaswamy_Temple,https://upload.wikimedia.org/wikipedia/commons/3/30/1_Om.svg
Southern,Kerala,Kozhikode,Kozhikode Beach,Beach,Unknown,1.5,3.9,0,Yes,,Recreational,Yes,0.059,All,Nature,11.255511,75.7697038,https://en.wikipedia.org/wiki/Kozhikode_Beach,https://upload.wikimedia.org/wikipedia/commons/8/8b/Kannam_Parambu_Masjidh%2C_Kozhikode.jpg
Southern,Kerala,Wayanad,Wayanad Wildlife Sanctuary,Wildlife Sanctuary,Unknown,3.0,4.5,300,No,,Wildlife,Yes,2.2,All,Nature,11.7645326,76.2436909,https://en.wikipedia.org/wiki/Wayanad_Wildlife_Sanctuary,https://upload.wikimedia.org/wikipedia/commons/9/9f/Indian_Peacock_in_Tholpetty_Wildlife_Sanctuary_02.JPG
Southern,Kerala,Thekkady,Periyar National Park,National Park,1982,3.0,4.3,50,No,,Wildlife,Yes,0.14,All,Nature,9.5804995,77.181142,https://en.wikipedia.org/wiki/Thekkady,https://upload.wikimedia.org/wikipedia/commons/1/12/Bamboo_Rafting_during_guided_tour_through_Periyar_Wild_Life_Sanctury.JPG
Southern,Kerala,Kumarakom,Kumarakom Bird Sanctuary,Bird Sanctuary,1972,2.0,3.8,50,Yes,,Wildlife,Yes,0.1,All,Nature,9.5949953,76.4302599,https://en.wikipedia.org/wiki/Kumarakom_Bird_Sanctuary,https://upload.wikimedia.org/wikipedia/commons/4/4d/Kerala_Kumarakom_Bird_Sanctuary.jpg
Southern,Kerala,Varkala,Varkala Beach,Beach,Unknown,2.0,4.6,0,Yes,,Recreational,Yes,0.1,All,Nature,8.7332285,76.7054245,https://en.wikipedia.org/wiki/Varkala_Beach,https://upload.wikimedia.org/wikipedia/commons/a/aa/Karkkidaka_vavu_bali_at_varkkala.jpg
Southern,Kerala,Bekal,Bekal Fort,Fort,1650,1.5,4.5,20,No,,Historical,Yes,0.22,All,Heritage,12.3922237,75.0327651,https://en.wikipedia.org/wiki/Bekal_Fort,https://upload.wikimedia.org/wikipedia/commons/5/5e/Bakel_Fort_Beach_Kasaragod4.jpg
Southern,Kerala,Kovalam,Kovalam Beach,Beach,Unknown,2.0,4.4,0,Yes,,Recreational,Yes,0.68,All,Nature,8.3950997,76.9729934,https://en.wikipedia.org/wiki/Kovalam,https://upload.wikimedia.org/wikipedia/commons/0/0e/01KovalamBeach%26Kerala.jpg
Southern,Kerala,Kannur,St. Angelo Fort,Fort,1505,1.0,4.4,20,Yes,,Historical,Yes,0.11,All,Heritage,11.8541212,75.3719755,https://en.wikipedia.org/wiki/St._Angelo_Fort,https://upload.wikimedia.org/wikipedia/commons/4/4f/Cannonore_fort_%26_Bay%27%3B_a_watercolor_by_John_Johnston%2C_c.1795-1801.jpg
Southern,Kerala,Nelliyampathy,Seethargundu Viewpoint,Viewpoint,Unknown,1.0,4.5,0,No,,Nature,Yes,0.03,Morning,Nature,10.5349244,76.6932494,,images.jpg
Southern,Kerala,Kochi,Kerala Folklore Museum,Cultural,2009,1.5,4.4,100,Yes,Monday,Cultural,Yes,0.1,All,Heritage,9.9679032,76.2444378,https://en.wikipedia.org/wiki/List_of_museums_in_Kerala,https://upload.wikimedia.org/wikipedia/commons/5/5a/Napier_Museum_in_Trivandrum.JPG
Southern,Kerala,Kochi,Wonderla Amusement Park,Amusement Park,2016,5.5,4.6,750,Yes,,Entertainment,Yes,0.41,All,Modern,9.9679032,76.2444378,https://en.wikipedia.org/wiki/Wonderla,https://upload.wikimedia.org/wikipedia/commons/3/33/Kochouseph_Chittilappilly_DS.jpg
Southern,Karnataka,Mysore,Mysore Palace,Palace,1912,2.0,4.6,50,Yes,,Historical,Yes,2.5,All,Heritage,12.3052196,76.6553846,https://en.wikipedia.org/wiki/Mysore_Palace,https://upload.wikimedia.org/wikipedia/commons/7/70/A_Courtyard_of_Amba_Vilas_Palace_%28Mysuru_Palace%29%2C_during_day.jpg
Southern,Karnataka,Hampi,Hampi Archaeological Ruins,Site,Unknown,3.0,4.7,0,No,,Historical,Yes,0.05,All,Other,15.3358,76.4610201,https://en.wikipedia.org/wiki/Hampi_(town),https://upload.wikimedia.org/wikipedia/commons/4/49/Hampi%2C_India%2C_View_of_Hampi_Bazaar_from_Matanga_Hill.jpg
Southern,Karnataka,Coorg,Abbey Falls,Waterfall,Unknown,1.0,4.1,0,No,,Nature,Yes,0.03,Morning,Nature,12.9363343,77.6151183,https://en.wikipedia.org/wiki/Abbey_Falls,https://upload.wikimedia.org/wikipedia/commons/b/b0/A_hanging_bridge_constructed_to_enjoy_the_view_of_Abbey_Falls%2C_Madikeri_%28Panorama%29.jpg
Southern,Karnataka,Gokarna,Om Beach,Beach,Unknown,2.0,4.5,0,No,,Nature,Yes,0.09,All,Nature,14.5190647,74.3254238,"https://en.wikipedia.org/wiki/Gokarna,_Karnataka",https://upload.wikimedia.org/wikipedia/commons/d/dd/Delight_india.jpg
Southern,Karnataka,Chikmagalur,Mullayanagiri,Mountain Peak,Unknown,3.0,4.5,0,No,,Nature,Yes,0.05,All,Nature,13.3909217,75.7214034,https://en.wikipedia.org/wiki/Chikmagalur,https://upload.wikimedia.org/wikipedia/commons/d/db/Chikmagalur%2C_India._%287793316622%29.jpg
Southern,Karnataka,Badami,Badami Cave Temples,Cave,600,1.5,4.6,30,No,,Religious,No,0.2,All,Nature,15.9183722,75.6843849,https://en.wikipedia.org/wiki/Badami,https://upload.wikimedia.org/wikipedia/commons/a/ac/6th_century_Brahma_on_Cave_3_ceiling%2C_Badami_Hindu_cave_temple_Karnataka_3.jpg
Southern,Karnataka,Shivamogga,Jog Falls,Waterfall,1900,1.5,4.6,30,No,,Nature,Yes,0.23,Morning,Nature,14.2292983,74.8123093,https://en.wikipedia.org/wiki/Jog_Falls,https://upload.wikimedia.org/wikipedia/commons/f/f5/Jog_Falls_05092016.jpg
Southern,Karnataka,Mangalore,Panambur Beach,Beach,Unknown,1.5,4.5,0,Yes,,Recreational,Yes,0.1,All,Nature,12.9384955,74.8039784,https://en.wikipedia.org/wiki/Panambur_Beach,https://upload.wikimedia.org/wikipedia/commons/2/26/At_the_dawn.jpg
Southern,Karnataka,Murudeshwar,Murudeshwar Temple,Temple,Unknown,1.0,4.7,0,Yes,,Religious,No,0.49,All,Temple,15.3410864,75.1197114,,images.jpg
Southern,Karnataka,Bijapur,Gol Gumbaz,Mausoleum,1656,1.5,4.5,20,No,,Historical,Yes,0.25,All,Heritage,16.8296264,75.7360096,https://en.wikipedia.org/wiki/Gol_Gumbaz,https://upload.wikimedia.org/wikipedia/commons/a/a6/A_building_beside_Gol_Gumbaz.jpg
Southern,Karnataka,Bandipur,Bandipur National Park,National Park,1974,3.0,4.4,300,No,,Wildlife,Yes,0.15,Morning,Nature,11.667035,76.6284394,https://en.wikipedia.org/wiki/Bandipur_National_Park,https://upload.wikimedia.org/wikipedia/commons/6/60/2012-bandipur-langur.jpg
Southern,Karnataka,Halebidu,Halebidu Hoysaleswara Temple,Temple,1121,1.0,4.7,15,No,,Religious,No,0.11,All,Temple,12.5923947,76.6913469,https://en.wikipedia.org/wiki/Halebidu,https://upload.wikimedia.org/wikipedia/commons/c/ca/1150_CE_Hoysaleswara_temple_Halebidu_Karnataka%2C_Inscription%2C_North_Indian_and_South_Indian_scripts.jpg
Western,Maharastra,Pune,Shaniwar Wada,Fort,1732,2.0,4.4,50,Yes,,Historical,Yes,1.2,All,Heritage,18.5193825,73.8553566,https://en.wikipedia.org/wiki/Shaniwar_Wada,https://upload.wikimedia.org/wikipedia/commons/0/02/Bajirao_Peshwa_Statue%2C_Pune.jpg
Western,Maharastra,Aurangabad,Ajanta Caves,Cave,200,3.0,4.6,30,Yes,Monday,Historical,Yes,0.21,Afternoon,Nature,19.877263,75.3390241,"https://en.wikipedia.org/wiki/Aurangabad_district,_Maharashtra",https://upload.wikimedia.org/wikipedia/commons/b/b4/1_Hinayana_style_Aurangabad_Buddhist_Cave_with_stupa.jpg
Western,Maharastra,Nashik,Sula Vineyards,Vineyard,1999,2.0,4.1,300,Yes,,Recreational,Yes,0.1,Afternoon,Hidden Gem,20.0064403,73.6876504,https://en.wikipedia.org/wiki/Sula_Vineyards,https://upload.wikimedia.org/wikipedia/commons/7/75/Beyond_By_Sula.jpg
Western,Maharastra,Shirdi,Sai Baba Temple,Temple,1922,1.5,4.7,0,Yes,,Religious,No,0.69,All,Temple,19.7693867,74.4776481,https://en.wikipedia.org/wiki/Sai_Baba_of_Shirdi,https://upload.wikimedia.org/wikipedia/commons/4/4e/Allah-green.svg
Western,Maharastra,Alibaug,Alibaug Beach,Beach,Unknown,1.5,4.2,0,Yes,,Recreational,Yes,0.05,Evening,Nature,18.6627433,72.8787733,https://en.wikipedia.org/wiki/Alibag,https://upload.wikimedia.org/wikipedia/commons/7/76/Alibag_1896.jpg
Western,Maharastra,Ratnagiri,Ganapatipule Temple,Temple,1600,1.0,4.7,0,No,,Religious,No,0.1,All,Temple,17.2826079,73.4569787,,images.jpg
Western,Maharastra,Nagpur,Deekshabhoomi,Monument,2001,1.0,4.5,0,Yes,,Religious,Yes,0.11,Afternoon,Heritage,21.1282013,79.06693,https://en.wikipedia.org/wiki/Deekshabhoomi,https://upload.wikimedia.org/wikipedia/commons/4/45/Ambedkar_2017_stamp_of_India.jpg
Western,Maharastra,Kolhapur,Mahalakshmi Temple,Temple,700,1.0,4.8,0,Yes,,Religious,No,0.9,All,Temple,16.6948575,74.2228947,"https://en.wikipedia.org/wiki/Mahalakshmi_Temple,_Kolhapur",https://upload.wikimedia.org/wikipedia/commons/4/46/Amriteshwar_temple.jpg
Western,Maharastra,Lonavala,Karla Caves,Cave,200,1.5,4.4,25,Yes,Yes,Historical,Yes,0.27,Afternoon,Nature,18.7503694,73.4069436,https://en.wikipedia.org/wiki/Karla_Caves,https://upload.wikimedia.org/wikipedia/commons/f/f0/%22Bas-relief_on_the_left%2C_under_the_gateway_at_Karli%22.jpg
Western,Maharashtra,Tarkarli,Tarkarli Beach,Beach,Unknown,2.0,4.6,0,No,,Recreational,Yes,0.065,Evening,Nature,16.014689,73.4895302,https://en.wikipedia.org/wiki/Tarkarli,https://upload.wikimedia.org/wikipedia/commons/2/26/Jevan_%40_Tarkarkli.jpg
Western,Maharashtra,Satara,Kaas Plateau,Valley,Unknown,2.0,4.4,300,No,,Nature,Yes,0.05,Afternoon,Nature,17.6361288,74.2982781,https://en.wikipedia.org/wiki/Kas_Plateau_Reserved_Forest,https://upload.wikimedia.org/wikipedia/commons/5/5d/Cynotis_tuberosa.JPG
Western,Maharashtra,Matheran,Echo Point,Viewpoint,1828,1.5,4.4,0,Yes,,Nature,Yes,0.02,Morning,Nature,18.9862195,73.2611377,https://en.wikipedia.org/wiki/Matheran,https://upload.wikimedia.org/wikipedia/commons/6/63/Echo_Point_Matheran1.jpg
Western,Maharashtra,Ajanta,Ellora Caves,Cave,600,3.0,4.7,30,Yes,Tuesday,Historical,Yes,0.49,Afternoon,Nature,20.532524,75.7513692,https://en.wikipedia.org/wiki/Ajanta_Caves,https://upload.wikimedia.org/wikipedia/commons/9/9f/%2APlate_3%2A_%3D%3D_Ajunta--_Interior_of_Chaitya_Cave%2C_No._10.jpg
Central,Madhya Pradesh,Khajuraho,Khajuraho Group of Monuments,Temples,-850,2.0,4.7,40,No,,Cultural,Yes,0.09,Afternoon,Temple,24.8515132,79.9259786,https://en.wikipedia.org/wiki/Khajuraho_Group_of_Monuments,https://upload.wikimedia.org/wikipedia/commons/e/e7/1_Khajuraho.jpg
Central,Madhya Pradesh,Bhopal,Sanchi Stupa,Monument,-300,1.5,4.7,30,Yes,,Historical,Yes,0.01,Afternoon,Heritage,23.2584857,77.401989,https://en.wikipedia.org/wiki/Sanchi_Stupa,https://upload.wikimedia.org/wikipedia/commons/1/18/003_Front_View_%2833709016166%29.jpg
Central,Madhya Pradesh,Indore,Rajwada Palace,Palace,1747,1.0,4.4,10,Yes,,Historical,Yes,0.63,Afternoon,Heritage,22.7184344,75.8547755,https://en.wikipedia.org/wiki/Rajwada,https://upload.wikimedia.org/wikipedia/commons/d/da/Ahilya_Status_Rajwada_Indore_2014.jpg
Central,Madhya Pradesh,Gwalior,Gwalior Fort,Fort,900,2.5,4.5,75,Yes,,Historical,Yes,0.4,Morning,Heritage,26.2235995,78.1665381,https://en.wikipedia.org/wiki/Gwalior,https://upload.wikimedia.org/wikipedia/commons/0/06/240_Gwalior.jpg
Central,Madhya Pradesh,Ujjain,Mahakaleshwar Jyotirlinga,Temple,-3500,1.5,4.8,0,Yes,,Religious,No,1.2,All,Temple,23.1885131,75.7716562,https://en.wikipedia.org/wiki/Mahakaleshwar_Jyotirlinga,https://upload.wikimedia.org/wikipedia/commons/a/ae/Dakshayani.jpg
Central,Madhya Pradesh,Jabalpur,Dhuandhar Falls,Waterfall,Unknown,1.0,4.5,0,No,,Nature,Yes,0.01,Morning,Nature,23.125398,79.8134415,https://en.wikipedia.org/wiki/Dhuandhar_Falls,https://upload.wikimedia.org/wikipedia/commons/8/85/Cable_car_service_at_Dhuandhar_Falls.jpg
Central,Madhya Pradesh,Pachmarhi,Bee Falls,Waterfall,Unknown,1.5,4.6,15,No,,Nature,Yes,0.065,Morning,Nature,22.4736824,78.4360537,https://en.wikipedia.org/wiki/Pachmarhi,https://upload.wikimedia.org/wikipedia/commons/1/1d/Bee_Fall.jpg
Central,Madhya Pradesh,Kanha,Kanha National Park,Wildlife Sanctuary,1955,3.0,4.5,100,No,,Wildlife,Yes,0.1,Morning,Nature,22.2769842,80.6278653,https://en.wikipedia.org/wiki/Kanha_Tiger_Reserve,https://upload.wikimedia.org/wikipedia/commons/e/ee/Asian_Elephant_in_Corbett_National_Park.jpg
Central,Madhya Pradesh,Bandhavgarh,Bandhavgarh National Park,National Park,1968,3.0,4.5,50,No,,Wildlife,Yes,0.05,Morning,Nature,23.7180358,81.0262902,https://en.wikipedia.org/wiki/Bandhavgarh_National_Park,https://upload.wikimedia.org/wikipedia/commons/9/91/A_leopard_in_the_Bandhavgarh_National_Park_in_madhya_pradesh%2C_India.jpg
Central,Madhya Pradesh,Orchha,Orchha Fort,Fort,1500,1.5,4.8,10,No,,Historical,Yes,0.1,Afternoon,Heritage,25.3499086,78.6443859,"https://en.wikipedia.org/wiki/Jahangir_Mahal,_Orchha",https://upload.wikimedia.org/wikipedia/commons/3/3e/Le_Jehangir_Mahal_%28Orchha%29_%288451914174%29.jpg
Central,Madhya Pradesh,Mandu,Jahaz Mahal,Site,1500,1.0,3.9,50,No,,Historical,Yes,0.03,Afternoon,Other,22.3397517,75.4054509,https://en.wikipedia.org/wiki/Jahaz_Mahal,https://upload.wikimedia.org/wikipedia/commons/f/f7/Front_view_of_Jahaz_Mahal%2C_Mehrauli.jpg
Central,Madhya Pradesh,Bhimbetka,Bhimbetka Rock Shelters,Prehistoric Site,1958,2.0,4.6,25,No,,Archaeological,Yes,0.07,Afternoon,Heritage,22.9384007,77.6133286,https://en.wikipedia.org/wiki/Bhimbetka_rock_shelters,https://upload.wikimedia.org/wikipedia/commons/2/21/1_of_the_rock_shelter_caves_at_Bhimbetka%2C_Madhya_Pradesh.jpg
Central,Madhya Pradesh,Amarkantak,Narmada Udgam Temple,Temple,1200,1.0,4.4,0,No,,Religious,Yes,0.01,All,Temple,22.670465,81.7588417,https://en.wikipedia.org/wiki/Amarkantak,https://upload.wikimedia.org/wikipedia/commons/1/14/A_Hindu_temple%2C_Amarkantak_Madhya_Pradesh_India.jpg
Central,Madhya Pradesh,Chitrakoot,Chitrakoot Falls,Waterfall,Unknown,1.5,4.4,0,No,,Nature,Yes,0.1,Morning,Nature,25.1743883,80.8691307,https://en.wikipedia.org/wiki/Chitrakote_Falls,https://upload.wikimedia.org/wikipedia/commons/8/84/Chitrakot9.JPG
Northern,Himachal Pradesh,Shimla,The Ridge,Scenic Point,Unknown,1.0,4.7,0,Yes,,Recreational,Yes,0.03,Morning,Hidden Gem,31.1047906,77.1752833,"https://en.wikipedia.org/wiki/The_Ridge,_Shimla",https://upload.wikimedia.org/wikipedia/commons/a/ac/Stamp_of_India_-_2018_-_Colnect_805703_-_The_Ridge_in_Shimla.jpeg
Northern,Himachal Pradesh,Manali,Solang Valley,Valley,Unknown,2.0,4.1,0,No,,Adventure,Yes,0.05,Morning,Nature,32.3160963,77.1565572,https://en.wikipedia.org/wiki/Solang_Valley,https://upload.wikimedia.org/wikipedia/commons/d/dd/Birds_Eye.JPG
Northern,Himachal Pradesh,dalhousie,Dalai Lama Temple,Temple,1959,1.5,4.7,0,Yes,,Religious,No,0.15,All,Temple,32.5435755,75.9448409,https://en.wikipedia.org/wiki/Trijang_Lobsang_Yeshe_Tenzin_Gyatso,https://upload.wikimedia.org/wikipedia/commons/6/67/Buddhism_Symbol.png
Northern,Himachal Pradesh,Dalhousie,Khajjiar Lake,Lake,Unknown,1.5,4.5,0,No,,Nature,Yes,0.1,Morning,Nature,32.5435755,75.9448409,https://en.wikipedia.org/wiki/Khajjiar,https://upload.wikimedia.org/wikipedia/commons/8/85/A_view_of_Khajjiar_%2CChamba%2CHimachal_Pradesh%2CIndia_01.jpg
Northern,Himachal Pradesh,Spiti Valley,Key Monastery,Monastery,1100,1.0,4.8,0,No,,Religious,Yes,0.025,Morning,Heritage,,,https://en.wikipedia.org/wiki/Spiti,https://upload.wikimedia.org/wikipedia/commons/f/f4/Chicham_Bridge_Spiti_Himachal_Jun18_D72_7433.jpg
Northern,Himachal Pradesh,Kullu,Great Himalayan National Park,National Park,1984,3.0,4.5,50,No,,Wildlife,Yes,0.2,All,Nature,31.7968335,77.7239269,https://en.wikipedia.org/wiki/Great_Himalayan_National_Park,https://upload.wikimedia.org/wikipedia/commons/e/ee/Asian_Elephant_in_Corbett_National_Park.jpg
Northern,Himachal Pradesh,Chamba,Chamera Lake,Lake,Unknown,2.0,4.4,0,No,,Recreational,Yes,0.01,Morning,Nature,32.6923316,76.1631552,,images.jpg
Northern,Himachal Pradesh,Kinnaur,Sangla Valley,Valley,Unknown,2.0,4.5,0,No,,Nature,Yes,0.01,Morning,Nature,31.3533438,78.3540103,https://en.wikipedia.org/wiki/Kinnaur_district,https://upload.wikimedia.org/wikipedia/commons/c/c9/Chandika_Devi_temple_at_Kothi_near_Rekong_Peo_Himachal_Pradesh_India.jpg
Northern,Himachal Pradesh,Kangra,Kangra Fort,Fort,400,2.0,4.4,150,Yes,,Historical,Yes,0.1,All,Heritage,32.0867046,76.2533449,https://en.wikipedia.org/wiki/Kangra_district,https://upload.wikimedia.org/wikipedia/commons/8/82/Beautiful_evening_at_Triund_%2816285399662%29.jpg
Northern,Himachal Pradesh,Palampur,Tea Gardens,Tea Plantation,1950,1.5,4.6,0,Yes,,Agricultural,Yes,0.015,Morning,Nature,32.1210671,76.5264001,https://en.wikipedia.org/wiki/Kangra_tea,https://upload.wikimedia.org/wikipedia/commons/c/cf/A_tea_plantation%2C_sights%2C_scenic_nature%2C_and_culture_Himachal_Pradesh_India.jpg
Northern,Himachal Pradesh,Mandi,Prashar Lake,Lake,1400,1.5,4.6,0,No,,Nature,Yes,0.01,Morning,Nature,31.7544774,77.1016413,https://en.wikipedia.org/wiki/Prashar_Lake,https://upload.wikimedia.org/wikipedia/commons/6/6c/Parashar_Lake-Mandi-Himachal_Pradesh-India.jpeg
Northern,Himachal Pradesh,Bir Billing,Paragliding Site,Adventure Sport,2005,2.0,4.8,2500,No,,Adventure,Yes,0.01,All,Hidden Gem,32.0472187,76.7406502,"https://en.wikipedia.org/wiki/Bir,_Himachal_Pradesh",https://upload.wikimedia.org/wikipedia/commons/a/a8/An_aerial_view_of_Bir%2C_Kangra_valley_sights_nature_culture_Himachal_Pradesh_India_2015.jpg
Northern,Himachal Pradesh,McLeod Ganj,Triund Trek,Trekking,Unknown,5.0,4.8,0,Yes,,Adventure,Yes,0.01,Morning,Hidden Gem,32.2352666,76.326238,https://en.wikipedia.org/wiki/McLeod_Ganj,https://upload.wikimedia.org/wikipedia/commons/7/78/Bhagsu_nag_temple.jpg
Northern,Himachal Pradesh,Manikaran,Manikaran Sahib,Gurudwara,1980,1.0,4.6,0,No,,Religious,Yes,1.3,Morning,Temple,32.0269237,77.3449068,https://en.wikipedia.org/wiki/Manikaran,https://upload.wikimedia.org/wikipedia/commons/f/f3/Diners_at_Manikaran_Gurdwara.jpg
Northern,Himachal Pradesh,Narkanda,Hatu Peak,Viewpoint,Unknown,2.0,4.5,0,Yes,,Nature,Yes,1.1,All,Nature,31.2547508,77.4612694,https://en.wikipedia.org/wiki/Hatu_peak,https://upload.wikimedia.org/wikipedia/commons/7/78/HATU_PEAK_3400M.JPG
Northern,Himachal Pradesh,Barot,Barot Valley,Valley,Unknown,2.0,4.7,0,No,,Nature,Yes,1.2,Morning,Nature,32.0377277,76.8452055,,images.jpg
Northern,Himachal Pradesh,Shoja,Serolsar Lake,Lake,Unknown,2.5,4.4,0,No,,Nature,Yes,0.9,Morning,Nature,31.2978643,77.0339978,https://en.wikipedia.org/wiki/Kullu_district,https://upload.wikimedia.org/wikipedia/commons/e/ef/4_Beas_River_Kullu_south_of_Manali_Himachal_Pradesh_India.jpg
Northern,Himachal Pradesh,Kufri,Kufri Fun World,Ski Resort,1975,5.0,3.8,1500,Yes,,Recreational,Yes,0.1,All,Other,31.1006627,77.2633837,,images.jpg
Northern,Uttarakhand,Nainital,Naini Lake,Lake,Unknown,1.5,4.2,0,Yes,,Nature,Yes,0.01,Morning,Nature,29.3855849,79.4604798,https://en.wikipedia.org/wiki/Nainital_Lake,https://upload.wikimedia.org/wikipedia/commons/b/b4/BerberisAculeata.jpg
Northern,Uttarakhand,Rishikesh,Laxman Jhula,Suspension Bridge,1939,1.0,4.4,0,Yes,,Cultural,Yes,0.03,Morning,Hidden Gem,30.1086537,78.2916193,https://en.wikipedia.org/wiki/Rishikesh,https://upload.wikimedia.org/wikipedia/commons/b/b1/13_Manzil_Temple_Rishikesh_2021.jpg
Northern,Uttarakhand,Haridwar,Har Ki Pauri,Ghat,Unknown,1.0,4.5,0,Yes,,Religious,Yes,0.025,All,Other,29.9566381,78.1708619,https://en.wikipedia.org/wiki/Har_Ki_Pauri,https://upload.wikimedia.org/wikipedia/commons/0/0f/Evening_view_of_Har-ki-Pauri%2C_Haridwar.jpg
Northern,Uttarakhand,Dehradun,Robber's Cave,Cave,Unknown,1.5,4.5,25,Yes,,Nature,Yes,0.01,Morning,Nature,30.3770123,78.0622066,"https://en.wikipedia.org/wiki/Robber%27s_Cave,_India",https://upload.wikimedia.org/wikipedia/commons/0/0c/Red_pog.svg
Northern,Uttarakhand,Mussoorie,Kempty Falls,Waterfall,Unknown,1.5,4.2,15,Yes,,Nature,Yes,0.55,Morning,Nature,30.4569012,78.0782906,https://en.wikipedia.org/wiki/Kempty_Falls,https://upload.wikimedia.org/wikipedia/commons/3/3d/Huka_Falls.jpg
Northern,Uttarakhand,Auli,Auli Ski Resort,Ski Resort,1990,3.0,4.5,0,No,,Adventure,Yes,0.01,Morning,Other,30.5377872,79.5657242,,images.jpg
Northern,Uttarakhand,Badrinath,Badrinath Temple,Temple,-820,1.0,4.8,0,No,,Religious,No,0.29,All,Temple,30.7446884,79.4911584,https://en.wikipedia.org/wiki/Badrinath,https://upload.wikimedia.org/wikipedia/commons/b/b7/Om_symbol.svg
Northern,Uttarakhand,Almora,Binsar Wildlife Sanctuary,Wildlife Sanctuary,1988,2.0,4.3,150,No,,Wildlife,Yes,0.01,All,Nature,29.7026509,79.4326318,https://en.wikipedia.org/wiki/Binsar_Wildlife_Sanctuary,https://upload.wikimedia.org/wikipedia/commons/f/f6/Binsar%2C_a_view_of_Kumaon_Himalayas.jpg
Northern,Uttarakhand,Ranikhet,Chaubatia Gardens,Orchard,1868,1.0,4.0,50,No,,Recreational,Yes,0.025,All,Nature,29.6323007,79.4154142,https://en.wikipedia.org/wiki/Ranikhet,https://upload.wikimedia.org/wikipedia/commons/3/39/Bhalu_Dam.jpg
Northern,Uttarakhand,Jim Corbett,Jim Corbett National Park,National Park,1936,3.0,4.4,100,Yes,,Wildlife,Yes,0.3,All,Nature,29.5574752,78.842495,https://en.wikipedia.org/wiki/Jim_Corbett_National_Park,https://upload.wikimedia.org/wikipedia/commons/0/03/%285%29_Pallas%27s_Fish_Eagle_at_Corbett_National_park%2C_Uttarakhand_India_March_2013.jpg
Northern,Uttarakhand,Uttarkashi,Gangotri Temple,Temple,1751,1.0,4.8,0,No,,Religious,No,0.05,All,Temple,30.9944345,78.9411466,https://en.wikipedia.org/wiki/Gangotri,https://upload.wikimedia.org/wikipedia/commons/f/f9/Badrinath_Temple_%2C_Uttarakhand.jpg
Northern,Uttarakhand,Chopta,Tungnath Temple,Temple,751,2.0,4.8,0,No,,Religious,No,0.09,All,Temple,30.1801851,79.367685,https://en.wikipedia.org/wiki/Chopta,https://upload.wikimedia.org/wikipedia/commons/f/fb/Approaching_Tungnath_on_a_winter_morning.JPG
Northern,Uttarakhand,Joshimath,Valley of Flowers,National Park,1982,5.0,4.7,150,No,,Nature,Yes,0.035,Morning,Nature,30.7056798,79.5958552,https://en.wikipedia.org/wiki/Valley_of_Flowers_National_Park,https://upload.wikimedia.org/wikipedia/commons/d/dc/%22Flowers_Blossom_At_valley_of_flowers_Chamoli%2C_India%22_38.jpg
Central,Uttar Pradesh,Agra,Taj Mahal,Mausoleum,1632,2.0,4.6,50,Yes,Friday,Historical,Yes,2.25,Morning,Heritage,27.1750075,78.0421013,https://en.wikipedia.org/wiki/Taj_Mahal,https://upload.wikimedia.org/wikipedia/commons/4/4e/Allah-green.svg
Central,Uttar Pradesh,Varanasi,Kashi Vishwanath Temple,Temple,Unknown,1.0,4.7,0,Yes,,Religious,No,0.9,All,Temple,25.3108218,83.0106679,https://en.wikipedia.org/wiki/Kashi_Vishwanath_Temple,https://upload.wikimedia.org/wikipedia/commons/3/30/1_Om.svg
Central,Uttar Pradesh,Lucknow,Bara Imambara,Monument,1784,1.5,4.4,50,Yes,Monday,Historical,No,0.45,All,Heritage,26.8686449,80.912496,https://en.wikipedia.org/wiki/Bara_Imambara,https://upload.wikimedia.org/wikipedia/commons/e/e7/Bada_Imambada%28Outer_view%29.jpg
Central,Uttar Pradesh,Mathura,Krishna Janmabhoomi,Temple,Unknown,1.0,4.7,0,Yes,,Religious,No,0.13,All,Temple,27.4955539,77.6855554,https://en.wikipedia.org/wiki/Krishna_Janmasthan_Temple_Complex,https://upload.wikimedia.org/wikipedia/commons/3/30/1_Om.svg
Central,Uttar Pradesh,Ayodhya,Ram Janmabhoomi,Religious Site,Unknown,1.0,4.8,0,Yes,,Religious,No,0.025,All,Temple,26.7956398,82.1945757,https://en.wikipedia.org/wiki/Ram_Mandir,https://upload.wikimedia.org/wikipedia/commons/b/b7/Om_symbol.svg
Central,Uttar Pradesh,Vrindavan,Banke Bihari Temple,Temple,1864,1.0,4.8,0,Yes,,Religious,No,0.37,All,Temple,27.5753726,77.6938045,https://en.wikipedia.org/wiki/Banke_Bihari_Temple,https://upload.wikimedia.org/wikipedia/commons/5/55/Banke-Bihari-Mandir-Vrindavan.jpg
Central,Uttar Pradesh,Allahabad,Triveni Sangam,Confluence,Unknown,1.0,4.5,0,Yes,,Religious,Yes,0.09,Morning,Hidden Gem,25.4222299,81.8923259,https://en.wikipedia.org/wiki/Triveni_Sangam,https://upload.wikimedia.org/wikipedia/commons/0/09/NorthIndiaCircuit_250.jpg
Central,Uttar Pradesh,Jhansi,Jhansi Fort,Fort,1613,1.5,4.4,15,Yes,,Historical,Yes,0.25,All,Heritage,25.4573176,78.5754799,https://en.wikipedia.org/wiki/Rani_of_Jhansi,https://upload.wikimedia.org/wikipedia/commons/b/bb/1857_jhansi_fort2.jpg
Central,Uttar Pradesh,Sarnath,Dhamek Stupa,Monument,-500,1.0,4.6,5,Yes,,Historical,Yes,0.065,All,Heritage,25.3776274,83.0275999,https://en.wikipedia.org/wiki/Dhamek_Stupa,https://upload.wikimedia.org/wikipedia/commons/6/67/Buddhism_Symbol.png
Central,Uttar Pradesh,Fatehpur Sikri,Buland Darwaza,Monument,1571,2.0,4.4,40,Yes,,Historical,Yes,0.07,Afternoon,Heritage,27.0943123,77.6627939,https://en.wikipedia.org/wiki/Buland_Darwaza,https://upload.wikimedia.org/wikipedia/commons/b/b5/Fatehput_Sikiri_Buland_Darwaza_gate_2010.jpg
Central,Uttar Pradesh,Noida,Okhla Bird Sanctuary,Bird Sanctuary,1990,1.5,4.3,30,Yes,,Wildlife,Yes,0.035,All,Nature,28.5569866,77.3090031,https://en.wikipedia.org/wiki/Okhla_Sanctuary,https://upload.wikimedia.org/wikipedia/commons/2/21/A_wooden_path_for_visitors.jpg
Central,Uttar Pradesh,Aligarh,Aligarh Fort,Fort,1524,1.0,4.1,20,Yes,,Historical,Yes,0.0165,Afternoon,Heritage,27.9298953,78.0637324,https://en.wikipedia.org/wiki/Aligarh_Fort,https://upload.wikimedia.org/wikipedia/commons/7/74/Aligarh_fort%2C_Aligarh.jpg
Central,Uttar Pradesh,Meerut,Augarnath Temple,Temple,Unknown,1.0,4.8,0,Yes,,Religious,No,0.045,All,Temple,29.0018557,77.7679671,https://en.wikipedia.org/wiki/Meerut_mutiny,https://upload.wikimedia.org/wikipedia/commons/2/29/1857_mutineers_mosque_meerut2.jpg
Central,Uttar Pradesh,Kanpur,Allen Forest Zoo,Zoo,1971,2.0,4.2,150,Yes,Monday,Wildlife,Yes,0.21,All,Modern,26.4609135,80.3217588,https://en.wikipedia.org/wiki/Kanpur_Zoological_Park,https://upload.wikimedia.org/wikipedia/commons/d/d3/Bird_waiting_for_fish.jpg
Northern,Jammu and Kashmir,Srinagar,Dal Lake,Lake,Unknown,2.0,4.6,0,Yes,,Nature,Yes,0.15,Morning,Nature,34.1136779,74.8699911,https://en.wikipedia.org/wiki/Dal_Lake,https://upload.wikimedia.org/wikipedia/commons/3/3c/A_Grave_in_the_Mazar_e_Shura_cemetery.jpg
Northern,Ladakh,Leh,Pangong Tso,Lake,Unknown,2.0,4.9,20,Yes,,Nature,Yes,0.15,Morning,Nature,34.1642029,77.5848133,https://en.wikipedia.org/wiki/Pangong_Tso,https://upload.wikimedia.org/wikipedia/commons/5/53/Ducks_in_Pangong_Tso.jpg
Northern,Jammu and Kashmir,Pahalgam,Betaab Valley,Valley,Unknown,2.0,4.6,100,No,,Nature,Yes,0.11,All,Nature,34.0144859,75.3285164,https://en.wikipedia.org/wiki/Betaab_Valley,https://upload.wikimedia.org/wikipedia/commons/f/f4/A_panoramic_view_of_Betab_valley_in_Gulmarg.jpg
Northern,Jammu and Kashmir,Jammu,Vaishno Devi,Temple,Unknown,5.0,4.7,0,Yes,,Religious,No,0.55,All,Temple,33.027399,74.945375,https://en.wikipedia.org/wiki/Vaishno_Devi_Temple,https://upload.wikimedia.org/wikipedia/commons/6/67/Aum_Om_red.svg
Northern,Jammu and Kashmir,Udhampur,Patnitop Height,Hill,Unknown,2.0,4.1,0,No,,Recreational,Yes,0.01,All,Nature,32.9219726,75.1331482,,images.jpg
Northern,Jammu and Kashmir,Anantnag,Amarnath Cave,Temple,Unknown,6.0,4.5,0,No,,Religious,Yes,0.11,All,Temple,34.215635,75.5038297,https://en.wikipedia.org/wiki/Amarnath_Temple,https://upload.wikimedia.org/wikipedia/commons/6/60/Snow_Bridge_in_Chandanwari.jpg
Northern,Ladakh,Leh,Thiksey Monastery,Monastery,1430,1.5,4.7,20,Yes,,Religious,No,0.05,All,Heritage,34.0565625,77.6667387,https://en.wikipedia.org/wiki/Thikse_Monastery,https://upload.wikimedia.org/wikipedia/commons/3/31/Maitreya_buddha_Thikse.jpg
Northern,Ladakh,Nubra Valley,Nubra Valley,Valley,Unknown,2.0,4.5,0,No,,Nature,Yes,0.1,All,Nature,33.991967,77.8207037,https://en.wikipedia.org/wiki/Nubra,https://upload.wikimedia.org/wikipedia/commons/7/75/5_Nubra_valley.jpg
Northern,Ladakh,Kargil,Kargil War Memorial,War Memorial,24,1.0,4.8,0,No,,Historical,Yes,0.011,All,Heritage,33.802819,76.4730096,https://en.wikipedia.org/wiki/Kargil_War,https://upload.wikimedia.org/wikipedia/commons/8/8e/Air_Force_Ensign_of_India.svg
Northern,Ladakh,Diskit,Diskit Monastery,Monastery,1351,1.0,4.7,20,No,,Religious,No,0.015,Morning,Heritage,34.541102,77.5609162,https://en.wikipedia.org/wiki/Diskit_Monastery,https://upload.wikimedia.org/wikipedia/commons/a/aa/Diskit-gompa-1.jpg
Northern,Jammu and Kashmir,Kishtwar,Kishtwar National Park,National Park,1981,3.0,4.3,100,No,,Wildlife,Yes,0.01,All,Nature,33.5673765,75.9801829,https://en.wikipedia.org/wiki/Kishtwar_district,https://upload.wikimedia.org/wikipedia/commons/d/d1/Devigol_Bunjwah.png
Northern,Ladakh,Hemis,Hemis National Park,National Park,1981,4.0,4.4,20,No,,Wildlife,Yes,0.02,All,Nature,33.6639158,77.3504137,https://en.wikipedia.org/wiki/Hemis_National_Park,https://upload.wikimedia.org/wikipedia/commons/1/14/13-10-08_217_CONFLUENCE_OF_INDUS_RIVER_N.jpg
Northern,Ladakh,Dras,Dras War Memorial,War Memorial,Unknown,1.0,4.8,0,No,,Historical,Yes,0.012,All,Heritage,34.4252805,75.7567325,https://en.wikipedia.org/wiki/Dras,https://upload.wikimedia.org/wikipedia/commons/3/3d/Drass_and_Tololing_Range.jpg
Northern,Ladakh,Leh,Magnetic Hill,Gravity Hill,Unknown,0.5,3.7,0,Yes,,Nature,Yes,0.1,All,Hidden Gem,34.1709853,77.3524824,https://en.wikipedia.org/wiki/Magnetic_Hill_(India),https://upload.wikimedia.org/wikipedia/commons/4/45/Magnetic_Hill%2C_Leh.jpg
Northern,Ladakh,Leh,Khardung La Pass,Hill,Unknown,1.0,4.5,0,Yes,,Adventure,Yes,0.05,Afternoon,Nature,34.1642029,77.5848133,https://en.wikipedia.org/wiki/Khardung_La,https://upload.wikimedia.org/wikipedia/commons/b/b1/Indus_River_Valley%2C_Ladakh%2C_North_India%2C_Himalaya.jpg
Northern,Ladakh,Leh,Thiksey Monastery,Monastery,1430,1.5,4.7,30,Yes,,Religious,No,0.05,All,Heritage,34.0565625,77.6667387,https://en.wikipedia.org/wiki/Thikse_Monastery,https://upload.wikimedia.org/wikipedia/commons/3/31/Maitreya_buddha_Thikse.jpg
Central,Uttar Pradesh,Vrindavan,Prem Mandir,Temple,2012,1.5,4.8,0,Yes,,Religious,Yes,0.49,Evening,Temple,27.5720889,77.672038,"https://en.wikipedia.org/wiki/Prem_Mandir,_Vrindavan",https://upload.wikimedia.org/wikipedia/commons/d/dc/Git_govind_large.jpg
Central,Uttar Pradesh,Porbandar,Kirti Mandir,Memorial,1950,1.0,4.8,0,Yes,,Historical,Yes,0.03,Morning,Heritage,,,"https://en.wikipedia.org/wiki/Kirti_Mandir,_Porbandar",https://upload.wikimedia.org/wikipedia/commons/7/79/Birth_Place_of_Gandhi.jpg
Central,Uttar Pradesh,Mathura,Nand Gaon,Village,Unknown,1.0,4.1,0,Yes,,Cultural,Yes,0.01,Morning,Hidden Gem,27.4955539,77.6855554,,images.jpg
Central,Uttar Pradesh,Mathura,Barsana Mandir,Temple,Unknown,1.0,4.8,0,Yes,,Religious,Yes,0.1,Morning,Temple,27.4955539,77.6855554,,images.jpg
Eastern,West Bengal,Darjeeling,Tiger Hill,Sunrise Point,Unknown,1.0,4.5,0,No,,Nature,Yes,0.025,All,Hidden Gem,26.9949013,88.2853306,"https://en.wikipedia.org/wiki/Tiger_Hill,_Darjeeling",https://upload.wikimedia.org/wikipedia/commons/d/db/Mountains-17thFeb21-just-before-sun-visible.jpg
Eastern,West Bengal,Siliguri,Jaldapara National Park,Wildlife Sanctuary,1941,3.0,4.4,250,Yes,,Wildlife,Yes,0.035,All,Nature,26.7164127,88.4309916,"https://en.wikipedia.org/wiki/Diesel_Loco_Shed,_Siliguri",https://upload.wikimedia.org/wikipedia/commons/e/e0/12064_The_first_EMD_loco_of_DLSS.jpg
Eastern,West Bengal,Sundarbans,Sundarbans National Park,National Park,1984,4.0,4.4,60,No,,Wildlife,Yes,0.065,All,Nature,22.031588,88.6873161,https://en.wikipedia.org/wiki/Tiger_attacks_in_the_Sundarbans,https://upload.wikimedia.org/wikipedia/commons/2/23/Sundarban_Tiger.jpg
Eastern,West Bengal,Digha,Digha Beach,Beach,Unknown,1.5,4.5,0,No,,Recreational,Yes,0.09,Morning,Nature,21.6274712,87.540722,https://en.wikipedia.org/wiki/Digha,https://upload.wikimedia.org/wikipedia/commons/2/27/Arrow_Blue_Left_001.svg
Eastern,West Bengal,Murshidabad,Hazarduari Palace,Palace,1837,1.5,4.5,10,Yes,Friday,Historical,Yes,0.18,Morning,Heritage,24.1745993,88.2721335,https://en.wikipedia.org/wiki/Hazarduari_Palace,https://upload.wikimedia.org/wikipedia/commons/6/6c/Clock_Tower_at_Hazarduari_Palace_Complex.jpg
Eastern,West Bengal,Bolpur,Kankalitala Temple,Temple,Unknown,0.5,4.7,0,Yes,,Religious,No,0.045,All,Temple,23.661154,87.6962424,https://en.wikipedia.org/wiki/Kankalitala,https://upload.wikimedia.org/wikipedia/commons/a/ae/Dakshayani.jpg
Eastern,West Bengal,Hooghly,Hangseswari Temple,Temple,1814,0.5,4.6,0,Yes,,Architectural,No,0.07,All,Temple,22.9099402,88.0120825,https://en.wikipedia.org/wiki/Hangseshwari_Temple,https://upload.wikimedia.org/wikipedia/commons/3/3c/Dakshineshwar.jpg
Eastern,West Bengal,Jalpaiguri,Gorumara National Park,National Park,1949,3.0,4.4,100,Yes,,Wildlife,Yes,0.07,All,Nature,26.7474882,88.8145859,https://en.wikipedia.org/wiki/Gorumara_National_Park,https://upload.wikimedia.org/wikipedia/commons/e/ee/Asian_Elephant_in_Corbett_National_Park.jpg
Eastern,West Bengal,Cooch Behar,Cooch Behar Palace,Palace,1887,1.0,4.5,20,Yes,Friday,Historical,Yes,0.09,All,Heritage,26.2559197,89.4201143,https://en.wikipedia.org/wiki/Cooch_Behar_State,https://upload.wikimedia.org/wikipedia/commons/b/b2/1_Mohur%2C_Cooch_Behar%2C_1847_-_1863.jpg
Eastern,West Bengal,Purulia,Ayodhya Hills,Hill,Unknown,2.5,4.5,0,No,,Nature,Yes,0.15,All,Nature,23.2020967,86.3228988,https://en.wikipedia.org/wiki/Purulia_district,https://upload.wikimedia.org/wikipedia/commons/2/27/Arrow_Blue_Left_001.svg
Eastern,Odisha,Puri,Jagannath Temple,Temple,12th century,2.0,4.7,0,Yes,,Religious,No,1.0,All,Temple,19.8047726,85.8180811,"https://en.wikipedia.org/wiki/Jagannath_Temple,_Puri",https://upload.wikimedia.org/wikipedia/commons/d/d9/1910_sketch_of_plan%2C_Jagannath_Temple%2C_Puri_Odisha.jpg
Eastern,Odisha,Konark,Sun Temple,Temple,1250,1.5,4.7,40,Yes,,Historical,Yes,0.83,All,Temple,19.8875639,86.0944894,https://en.wikipedia.org/wiki/Konark_Sun_Temple,https://upload.wikimedia.org/wikipedia/commons/2/2b/1815_sketch_of_the_sculpture_at_Konarak_Sun_Temple%2C_Odisha_India.jpg
Eastern,Odisha,Bhubaneswar,Lingaraj Temple,Temple,11th century,1.0,4.6,0,Yes,,Religious,No,0.35,All,Temple,20.238369,85.833719,https://en.wikipedia.org/wiki/Lingaraja_Temple,https://upload.wikimedia.org/wikipedia/commons/f/f3/11th_century_Lingaraja_temple%2C_Bhubaneswar_Odisha_India.jpg
Eastern,Odisha,Rourkela,Khandadhar Waterfall,Waterfall,Unknown,1.5,4.5,0,No,,Nature,Yes,1.2,All,Nature,22.2309255,84.8678705,https://en.wikipedia.org/wiki/Khandadhar_Falls_(Sundargarh),https://upload.wikimedia.org/wikipedia/commons/6/68/Khandadhar_Waterfall.jpg
Eastern,Odisha,Cuttack,Barabati Fort,Fort,-987,1.0,4.5,0,Yes,,Historical,Yes,0.13,All,Heritage,20.4852762,85.8650129,https://en.wikipedia.org/wiki/Barabati_fort,https://upload.wikimedia.org/wikipedia/commons/3/38/Barabati_durga_Cuttack_Barabati_Fort_Wide_look-4.JPG
Eastern,Odisha,Sambalpur,Hirakud Dam,Dam,1957,1.0,4.5,0,No,,Engineering Marvel,Yes,0.01,All,Hidden Gem,21.5492431,83.9011286,https://en.wikipedia.org/wiki/Hirakud_Dam,https://upload.wikimedia.org/wikipedia/commons/a/ae/Drinking_water.jpg
Eastern,Odisha,Chilika,Chilika Lake,Lake,Unknown,2.0,3.9,0,Yes,,Nature,Yes,0.1,Morning,Nature,19.6853195,85.2503699,https://en.wikipedia.org/wiki/Chilika_Lake,https://upload.wikimedia.org/wikipedia/commons/4/4f/Aerial_satellite_imagery_of_Chilika_lake%2C_Odisha.JPG
Eastern,Odisha,Berhampur,Tara Tarini Temple,Temple,Ancient,1.0,4.6,0,Yes,,Religious,No,0.01,All,Temple,21.4930851,86.6327298,https://en.wikipedia.org/wiki/Odisha,https://upload.wikimedia.org/wikipedia/commons/0/0b/Abhinaya.jpg
Eastern,Odisha,Keonjhar,Badaghagara Waterfall,Waterfall,Unknown,1.0,4.3,0,No,,Nature,Yes,0.018,Morning,Nature,21.5,85.5,https://en.wikipedia.org/wiki/Geography_of_Odisha,https://upload.wikimedia.org/wikipedia/commons/7/7a/Chilka-S-c.jpg
Eastern,Odisha,Balasore,Chandipur Beach,Beach,Unknown,1.5,4.2,0,Yes,,Recreational,Yes,0.014,Morning,Nature,21.5006421,86.919884,"https://en.wikipedia.org/wiki/Chandipur,_Odisha",https://upload.wikimedia.org/wikipedia/commons/1/16/BrahMos_supersonic_cruise_missile_successfully_test-fired_from_the_Integrated_Test_Range%2C_at_Chandipur_on_30_September_2019.jpg
Eastern,Odisha,Kendujhar,Sanaghagara Waterfall,Waterfall,Unknown,1.0,4.4,0,No,,Nature,Yes,0.055,All,Nature,21.5892323,85.6687841,https://en.wikipedia.org/wiki/Sanaghagara_Waterfall,https://upload.wikimedia.org/wikipedia/commons/3/3d/Huka_Falls.jpg
Southern,Tamil Nadu,Chennai,Marina Beach,Beach,Unknown,1.5,3.9,0,Yes,,Recreational,Yes,0.1,Morning,Nature,13.0532752,80.2833106,https://en.wikipedia.org/wiki/Marina_Beach,https://upload.wikimedia.org/wikipedia/commons/e/e0/06Marina_Madras.jpg
Southern,Tamil Nadu,Madurai,Meenakshi Amman Temple,Temple,6th century AD,2.0,4.7,0,Yes,,Religious,No,0.65,All,Temple,9.9195433,78.1188334,https://en.wikipedia.org/wiki/Meenakshi_Temple,https://upload.wikimedia.org/wikipedia/commons/3/3a/01MaduraiMeenakshiAmmanTemple%26IndoorCorridorView.jpg
Southern,Tamil Nadu,Rameswaram,Ramanathaswamy Temple,Temple,12th century,1.5,4.6,0,No,,Religious,No,0.01,All,Temple,9.2880968,79.3173756,https://en.wikipedia.org/wiki/Ramanathaswamy_Temple,https://upload.wikimedia.org/wikipedia/commons/0/06/43Rameswaram_The_Great_Corridor.jpg
Southern,Tamil Nadu,Kanyakumari,Vivekananda Rock Memorial,Memorial,1970,1.0,4.6,20,Yes,,Historical,No,0.47,Morning,Heritage,8.0783202,77.5549562,https://en.wikipedia.org/wiki/Vivekananda_Rock_Memorial,https://upload.wikimedia.org/wikipedia/commons/2/2a/Entrance_view_Vivekananda_rock_temple.JPG
Southern,Tamil Nadu,Ooty,Ooty Lake,Lake,1824,1.0,4.1,10,Yes,,Recreational,Yes,0.61,Morning,Nature,11.403417,76.6916789,https://en.wikipedia.org/wiki/Ooty_Lake,https://upload.wikimedia.org/wikipedia/commons/d/de/Boathouse-pan_4diff_pics.jpg
Southern,Tamil Nadu,Coimbatore,Marudamalai Temple,Temple,12th century,1.0,4.7,0,Yes,,Religious,No,0.3,All,Temple,11.0018115,76.9628425,,images.jpg
Southern,Tamil Nadu,Kodaikanal,Kodaikanal Lake,Lake,1863,2.0,3.9,0,No,,Recreational,Yes,0.1,Morning,Nature,10.234003,77.4865229,https://en.wikipedia.org/wiki/Kodaikanal_International_School,https://upload.wikimedia.org/wikipedia/commons/3/3e/Kodaikanal_International_School_gate.jpg
Southern,Tamil Nadu,Thanjavur,Brihadeeswarar Temple,Temple,110,1.5,4.8,0,Yes,,Religious,No,0.35,All,Temple,10.78258,79.1313819,https://en.wikipedia.org/wiki/Brihadisvara_Temple,https://upload.wikimedia.org/wikipedia/commons/a/aa/1000_years_Old_Thanjavur_Brihadeeshwara_Temple_View_at_Sunrise.jpg
Southern,Tamil Nadu,Mahabalipuram,Shore Temple,Temple,7th century,1.0,4.6,40,Yes,,Historical,No,0.09,All,Temple,12.6164841,80.1992345,https://en.wikipedia.org/wiki/Shore_Temple,https://upload.wikimedia.org/wikipedia/commons/e/ea/01MahabalipuramShoreTemple.jpg
Southern,Tamil Nadu,Yercaud,Yercaud Lake,Lake,Unknown,1.0,4.2,0,No,,Recreational,Yes,0.019,Morning,Nature,11.7832744,78.2104687,https://en.wikipedia.org/wiki/Yercaud,https://upload.wikimedia.org/wikipedia/commons/0/0c/Red_pog.svg
Southern,Tamil Nadu,Tirunelveli,Nellaiappar Temple,Temple,7th century,1.0,4.6,0,Yes,,Religious,No,0.16,All,Temple,8.7284759,77.688951,https://en.wikipedia.org/wiki/Nellaiappar_Temple,https://upload.wikimedia.org/wikipedia/commons/2/21/India_statue_of_nataraja.jpg
Southern,Tamil Nadu,Chidambaram,Nataraja Temple,Temple,10th century,1.0,4.7,0,Yes,,Religious,No,0.28,All,Temple,11.3993037,79.6936521,"https://en.wikipedia.org/wiki/Nataraja_Temple,_Chidambaram",https://upload.wikimedia.org/wikipedia/commons/f/ff/10th_to_13th_century_Chidambaram_Nataraja_Temple_plan.svg
Southern,Andhra Pradesh,Vijayawada,Kanaka Durga Temple,Temple,Unknown,1.0,4.7,0,Yes,,Religious,No,0.44,All,Temple,16.5154312,80.6062147,https://en.wikipedia.org/wiki/Kanaka_Durga_Temple,https://upload.wikimedia.org/wikipedia/commons/f/fa/Chebrolu_Temple.jpg
Southern,Andhra Pradesh,Visakhapatnam,Rishikonda Beach,Beach,Unknown,1.5,4.5,0,Yes,,Recreational,Yes,0.39,Morning,Nature,17.6935526,83.2921297,https://en.wikipedia.org/wiki/Rushikonda_Beach,https://upload.wikimedia.org/wikipedia/commons/1/1a/Paragliding_in_Visakhapatnam_%282%29.jpg
Southern,Andhra Pradesh,Srisailam,Mallikarjuna Swamy Temple,Temple,14th century,1.0,4.7,0,No,,Religious,No,0.49,All,Temple,16.0741873,78.8681462,"https://en.wikipedia.org/wiki/Mallikarjuna_Temple,_Srisailam",https://upload.wikimedia.org/wikipedia/commons/2/21/India_statue_of_nataraja.jpg
Southern,Andhra Pradesh,Rajahmundry,Papikondalu,Hill,Unknown,2.0,4.3,0,Yes,,Nature,Yes,0.032,All,Nature,17.0050454,81.7804732,https://en.wikipedia.org/wiki/Rajahmundry,https://upload.wikimedia.org/wikipedia/commons/b/b7/Om_symbol.svg
Southern,Andhra Pradesh,Anantapur,Lepakshi,Site,16th century,1.5,4.6,0,No,,Historical,Yes,0.075,All,Other,14.6321073,77.6250314,https://en.wikipedia.org/wiki/Lepakshi,https://upload.wikimedia.org/wikipedia/commons/0/0a/Front_side_of_Veerabhadra_Temple%2C_Lepakshi.jpg
Southern,Andhra Pradesh,Kurnool,Belum Caves,Cave,Unknown,1.5,4.4,65,Yes,,Natural Wonder,Yes,0.11,Afternoon,Nature,15.8309251,78.0425373,https://en.wikipedia.org/wiki/Belum_Caves,https://upload.wikimedia.org/wikipedia/commons/0/0f/Andhracoides_gebaueri.tif
Southern,Andhra Pradesh,Amravati,Amaravathi Temple,Temple,Unknown,1.0,4.7,0,Yes,,Religious,No,0.041,All,Temple,16.5299984,80.5270337,"https://en.wikipedia.org/wiki/Amaravathi,_Palnadu_district",https://upload.wikimedia.org/wikipedia/commons/3/38/Amaravathi_Bus_Station.jpg
Southern,Andhra Pradesh,Guntur,Uppalapadu Bird Sanctuary,Bird Sanctuary,Unknown,1.0,4.4,10,Yes,,Wildlife,Yes,0.7,All,Nature,16.3069011,80.5136209,https://en.wikipedia.org/wiki/Uppalapadu_Bird_Sanctuary,https://upload.wikimedia.org/wikipedia/commons/0/0f/Heronry_at_Uppalpadu%2C_AP_W_IMG_2791.jpg
Southern,Andhra Pradesh,Kadapa,Gandikota Fort,Fort,12th century,1.5,4.5,0,No,,Historical,Yes,0.015,Morning,Heritage,14.8133184,78.2874575,https://en.wikipedia.org/wiki/Gandikota,https://upload.wikimedia.org/wikipedia/commons/e/e6/Camping_Banks_Pennar_River.jpg
Southern,Andhra Pradesh,Puttaparthi,Prasanthi Nilayam,Spiritual Center,1950,1.0,4.7,0,Yes,,Religious,Yes,0.12,All,Temple,14.1658687,77.8077625,https://en.wikipedia.org/wiki/Prasanthi_Nilayam,https://upload.wikimedia.org/wikipedia/commons/b/b7/Om_symbol.svg
Southern,Andhra Pradesh,Vizianagaram,Simhachalam Temple,Temple,198,1.0,4.7,0,Yes,,Religious,No,0.59,All,Temple,18.1141255,83.4114389,"https://en.wikipedia.org/wiki/Varaha_Lakshmi_Narasimha_temple,_Simhachalam",https://upload.wikimedia.org/wikipedia/commons/5/5f/Baby_thief_Krishna_%28bazaar_art%2C_c.1950%27s%29.jpg
Southern,Andhra Pradesh,Visakhapatnam,Kailasagiri,Hill,Unknown,2.0,4.5,0,Yes,,Recreational,Yes,0.019,All,Nature,17.7499572,83.3396922,https://en.wikipedia.org/wiki/Kailasagiri,https://upload.wikimedia.org/wikipedia/commons/7/78/Floral_clock_at_kailash_giri.jpg
Southern,Andhra Pradesh,Visakhapatnam,Submarine Museum,Museum,22,1.0,4.6,40,Yes,,Historical,Yes,0.49,All,Other,17.7170864,83.3298119,https://en.wikipedia.org/wiki/INS_Kursura_(S20),https://upload.wikimedia.org/wikipedia/commons/6/67/INS_Kursura_%28S20%29_officer_cabin.jpg
Southern,Andhra Pradesh,Visakhapatnam,Borra Caves,Cave,Unknown,2.0,4.5,60,No,,Natural Wonder,Yes,0.31,Afternoon,Nature,17.6935526,83.2921297,https://en.wikipedia.org/wiki/Borra_Caves,https://upload.wikimedia.org/wikipedia/commons/c/c6/Borra_Caves_Info_board.JPG
Southern,Andhra Pradesh,Visakhapatnam,War Memorial,War Memorial,Unknown,1.0,4.6,0,Yes,,Historical,Yes,0.059,All,Heritage,17.6935526,83.2921297,https://en.wikipedia.org/wiki/Victory_at_Sea_Memorial,https://upload.wikimedia.org/wikipedia/commons/8/82/Visakhapatnam_Montage_01.png
Southern,Andhra Pradesh,Visakhapatnam,Indira Gandhi Zoological Park,Zoo,1977,2.0,4.1,20,Yes,Monday,Wildlife,Yes,0.25,Afternoon,Modern,17.7660894,83.3494389,https://en.wikipedia.org/wiki/Indira_Gandhi_Zoological_Park,https://upload.wikimedia.org/wikipedia/commons/3/33/An_Emu_at_Indira_Gandhi_Zoo_park_in_Visakhapatnam_%281%29.JPG
Southern,Andhra Pradesh,Visakhapatnam,Matsyadarshini Aquarium,Aquarium,Unknown,1.0,3.8,20,Yes,,Recreational,Yes,0.03,All,Modern,17.7128522,83.3199058,,images.jpg
Southern,Andhra Pradesh,Visakhapatnam,Visakha Museum,Museum,1991,1.0,4.3,10,Yes,,Cultural,Yes,0.065,All,Other,17.7208267,83.3338207,https://en.wikipedia.org/wiki/Visakha_Museum,https://upload.wikimedia.org/wikipedia/commons/6/6e/Visakha_Museum.JPG
Eastern,Sikkim,Gangtok,Nathula Pass,Hill,Unknown,2.0,4.3,20,Yes,,Historical,Yes,0.15,Afternoon,Nature,27.3868289,88.8308961,https://en.wikipedia.org/wiki/Gangtok_district,https://upload.wikimedia.org/wikipedia/commons/9/9e/Bird%27s_eye_view_of_Gangtok_City_from_Ganeshtok.jpg
Eastern,Sikkim,Pelling,Pemayangtse Monastery,Monastery,1705,1.0,4.6,20,No,,Religious,No,0.015,Morning,Heritage,27.3003722,88.2356503,https://en.wikipedia.org/wiki/Pemayangtse_Monastery,https://upload.wikimedia.org/wikipedia/commons/6/6e/Chains_buried_into_solid_concrete_below.jpg
Eastern,Sikkim,Namchi,Char Dham,Religious Complex,211,2.0,4.7,50,Yes,,Religious,No,0.12,All,Temple,27.1735348,88.321995,https://en.wikipedia.org/wiki/Namchi,https://upload.wikimedia.org/wikipedia/commons/f/fb/Cherry_Resort_inside_Temi_Tea_Garden%2C_Namchi%2C_Sikkim.jpg
Eastern,Sikkim,Gangtok,Rumtek Monastery,Monastery,1960s,1.0,4.6,10,Yes,,Religious,No,0.035,Morning,Heritage,27.2887581,88.56142,https://en.wikipedia.org/wiki/Rumtek_Monastery,https://upload.wikimedia.org/wikipedia/commons/b/bd/Ambox_current_red_Asia_Australia.svg
Eastern,Sikkim,Ravangla,Buddha Park,Park,213,1.0,4.8,50,Yes,,Cultural,Yes,0.1,All,Modern,27.3116732,88.3635699,https://en.wikipedia.org/wiki/Buddha_Park_of_Ravangla,https://upload.wikimedia.org/wikipedia/commons/9/9e/Buddha_Park_-_Tathagata_Tsal.jpg
Eastern,Sikkim,Gangtok,Baba Harbhajan Singh Temple,Temple,1967,1.0,4.7,0,Yes,,Religious,No,0.075,All,Temple,27.3658755,88.8378893,https://en.wikipedia.org/wiki/Baba_Harbhajan_Singh,https://upload.wikimedia.org/wikipedia/commons/4/4b/Baba_Harbhajan_Singh.JPG
Eastern,Sikkim,Gangtok,Tsomgo Lake,Lake,Unknown,2.0,4.5,0,Yes,,Nature,Yes,0.15,Morning,Nature,27.3745307,88.7619799,https://en.wikipedia.org/wiki/Lake_Tsomgo,https://upload.wikimedia.org/wikipedia/commons/6/6d/Changu_Lake%2C_Gangtok.jpg
North Eastern,Assam,Guwahati,Kamakhya Temple,Temple,Unknown,2.0,4.6,0,Yes,,Religious,No,0.21,All,Temple,26.165107,91.7059298,https://en.wikipedia.org/wiki/Kamakhya_Temple,https://upload.wikimedia.org/wikipedia/commons/6/67/Aum_Om_red.svg
North Eastern,Assam,Kaziranga,Kaziranga National Park,National Park,1905,3.0,4.5,650,No,,Wildlife,No,0.068,Morning,Nature,26.5863767,93.4020882,https://en.wikipedia.org/wiki/Kaziranga_National_Park,https://upload.wikimedia.org/wikipedia/commons/e/ee/Asian_Elephant_in_Corbett_National_Park.jpg
North Eastern,Assam,Guwahati,Umananda Island,Island,Unknown,1.0,4.1,0,Yes,,Nature,Yes,0.01,Morning,Nature,26.1964855,91.7449949,https://en.wikipedia.org/wiki/Umananda_Island,https://upload.wikimedia.org/wikipedia/commons/7/73/Assam_close-up.PNG
North Eastern,Assam,Sivasagar,Sivasagar Sivadol,Temple,1734,1.0,4.7,0,No,,Historical,Yes,0.065,All,Temple,26.9834936,94.6394226,https://en.wikipedia.org/wiki/Sivasagar_district,https://upload.wikimedia.org/wikipedia/commons/0/0b/Ahom_Raja%27s_Palace%2C_Garhgaon%2C_Sivasagar.JPG
North Eastern,Assam,Majuli,Majuli Island,River Island,Unknown,2.0,4.7,0,No,,Cultural,Yes,0.01,Morning,Nature,27.0129015,94.2746854,https://en.wikipedia.org/wiki/Majuli,https://upload.wikimedia.org/wikipedia/commons/1/15/Aauniati_satra_gate.jpg
North Eastern,Assam,Manas,Manas National Park,National Park,1990,3.0,4.6,500,No,,Wildlife,Yes,0.19,Morning,Nature,26.4842089,90.7914608,https://en.wikipedia.org/wiki/Manas_National_Park,https://upload.wikimedia.org/wikipedia/commons/e/ee/Asian_Elephant_in_Corbett_National_Park.jpg
North Eastern,Assam,Hajo,Hayagriva Madhava Temple,Temple,Unknown,1.0,4.5,0,No,,Religious,Yes,0.9,All,Temple,26.2429185,91.526535,https://en.wikipedia.org/wiki/Hayagriva_Madhava_Temple,https://upload.wikimedia.org/wikipedia/commons/6/6f/Balabhadra_Subhadra_Jagannath.jpg
North Eastern,Assam,Guwahati,Pobitora Wildlife Sanctuary,Wildlife Sanctuary,1987,2.0,4.4,500,Yes,,Wildlife,Yes,0.037,All,Nature,26.1805978,91.753943,https://en.wikipedia.org/wiki/Pobitora_Wildlife_Sanctuary,https://upload.wikimedia.org/wikipedia/commons/8/82/Indian_Rhino_in_Pobitora.jpg
North Eastern,Arunachal Pradesh,Tawang,Tawang Monastery,Monastery,1680,2.0,4.7,0,No,,Religious,No,0.032,Morning,Heritage,27.5866091,91.8573902,https://en.wikipedia.org/wiki/Tawang_Monastery,https://upload.wikimedia.org/wikipedia/commons/f/fd/%22Gaden_Namgyal_Lhatse%22_%28Tibetan%29_was_consecrated_by_Tenzin_Gyatso%2C_the_14th_Dalai_Lama_of_Tibet_on_15_October_1997_detail%2C_from-_Tawang_Monastery_100_%2822%29_%28cropped%29.jpg
North Eastern,Tripura,Agartala,Ujjayanta Palace,Palace,1901,1.5,4.5,10,Yes,Monday,Historical,Yes,0.035,All,Heritage,23.8369868,91.2827507,https://en.wikipedia.org/wiki/Ujjayanta_Palace,https://upload.wikimedia.org/wikipedia/commons/2/2b/Tripura_State_Museum_Agartala_Tripura_India.jpg
North Eastern,Tripura,Dumboor,Dumboor Lake,Lake,Unknown,1.0,4.5,0,No,,Nature,Yes,0.01,Morning,Nature,23.4736314,91.8381882,,images.jpg
North Eastern,Tripura,Unakoti,Unakoti Rock Carvings,Rock Carvings,700,1.5,4.5,20,No,,Historical,Yes,0.025,Morning,Heritage,24.1909848,92.0460483,https://en.wikipedia.org/wiki/Unakoti,https://upload.wikimedia.org/wikipedia/commons/6/69/Aum_Om_navy_blue_circle_hollow_coral.svg
Central,Chhattisgarh,Bastar,Chitrakote Falls,Waterfall,Unknown,1.5,4.6,0,No,,Nature,Yes,0.19,Morning,Nature,19.1191282,81.8291865,https://en.wikipedia.org/wiki/Chitrakote_Falls,https://upload.wikimedia.org/wikipedia/commons/8/84/Chitrakot9.JPG
North Eastern,Nagaland,Dzkou Valley,Dzkou Valley,Valley,Unknown,3.0,4.7,0,No,,Trekking,Yes,0.01,Afternoon,Nature,25.5605322,94.0773878,https://en.wikipedia.org/wiki/Dz%C3%BCko_Valley,https://upload.wikimedia.org/wikipedia/commons/4/44/Breathtaking_beauty_of_Dzukou_Valley_in_Manipur-Nagaland_border_%28edit%29.jpg
Southern,Puducherry,Puducherry,Promenade Beach,Beach,Unknown,1.0,4.5,0,Yes,,Recreational,Yes,0.09,Morning,Nature,11.9321674,79.8360554,https://en.wikipedia.org/wiki/Promenade_Beach,https://upload.wikimedia.org/wikipedia/commons/7/7c/Banner_of_Puducherry.png
Southern,Puducherry,Auroville,Auroville,Township,1968,2.0,4.1,0,Yes,,Cultural,Yes,0.035,All,Modern,12.0094118,79.8117879,https://en.wikipedia.org/wiki/Auroville,https://upload.wikimedia.org/wikipedia/commons/2/2a/2010_Utopien_arche04.jpg
Southern,Puducherry,Puducherry,Paradise Beach,Beach,Unknown,1.0,4.5,200,Yes,,Recreational,Yes,0.015,Morning,Nature,11.869834,79.8198877,https://en.wikipedia.org/wiki/Eden_Beach_Puducherry,https://upload.wikimedia.org/wikipedia/en/b/b4/Ambox_important.svg
Southern,Andaman and Nicobar Islands,Port Blair,Cellular Jail,Landmark,1906,1.5,4.7,30,Yes,Monday,Historical,Yes,0.12,Afternoon,Heritage,11.6744456,92.7477856,https://en.wikipedia.org/wiki/Port_Blair,https://upload.wikimedia.org/wikipedia/commons/c/c4/Aberdeen_clock_tower-1-port_blair-andaman-India.jpg
Southern,Andaman and Nicobar Islands,Havelock Island,Radhanagar Beach,Beach,Unknown,1.0,4.8,0,No,,Nature,Yes,0.09,Morning,Nature,11.9651954,92.9956211,https://en.wikipedia.org/wiki/Radhanagar_Beach,https://upload.wikimedia.org/wikipedia/commons/1/1f/Radha_Nagar_beach%2C_Havelock_Island%2C_Andamn%2C_India-_Sun_set_view.jpg
Southern,Andaman and Nicobar Islands,Neil Island,Bharatpur Beach,Beach,Unknown,1.0,4.5,0,No,,Nature,Yes,0.04,Morning,Nature,11.8313739,93.0419302,https://en.wikipedia.org/wiki/Neil_Island,https://upload.wikimedia.org/wikipedia/commons/0/02/Andaman_Islands%2C_Full_moon_night%2C_Forest_by_the_sea_at_night.jpg
Southern,Andaman and Nicobar Islands,Baratang Island,Limestone Caves,Natural Feature,Unknown,1.5,4.4,250,No,,Nature,Yes,0.015,Morning,Hidden Gem,12.1883182,92.8110351,https://en.wikipedia.org/wiki/Baratang_Island,https://upload.wikimedia.org/wikipedia/commons/0/0f/Baratang_I_locale.png
Western,Daman and Diu,Diu,Naida Caves,Cave,Unknown,1.0,4.5,0,No,,Nature,Yes,0.6,Afternoon,Nature,20.7109607,70.980783,,images.jpg
Western,Daman and Diu,Diu,Diu Fort,Fort,1535,1.5,4.6,0,No,,Historical,Yes,1.2,Afternoon,Heritage,20.7154213,70.9937678,https://en.wikipedia.org/wiki/Dadra_and_Nagar_Haveli_and_Daman_and_Diu,https://upload.wikimedia.org/wikipedia/commons/5/5f/DadraAndNagarHaveliAndDamanAndDiu2024OSM.png
Eastern,Jharkhand,Deoghar,Baba Baidyanath Temple,Temple,Unknown,1.0,4.7,0,Yes,,Religious,Yes,1.8,All,Temple,24.4898318,86.6990182,https://en.wikipedia.org/wiki/Baidyanath_Temple,https://upload.wikimedia.org/wikipedia/commons/b/b7/Om_symbol.svg
Eastern,Jharkhand,Ranchi,Pahari Mandir,Temple,Unknown,1.0,4.6,0,Yes,,Religious,Yes,0.13,All,Temple,23.3781129,85.3119723,https://en.wikipedia.org/wiki/Pahari_Mandir,https://upload.wikimedia.org/wikipedia/commons/b/b7/Om_symbol.svg
Eastern,Bihar,Bodh Gaya,Mahabodhi Temple,Temple,-260,1.5,4.7,0,Yes,,Religious,Yes,0.2,All,Temple,24.6959303,84.9913903,https://en.wikipedia.org/wiki/Mahabodhi_Temple,https://upload.wikimedia.org/wikipedia/commons/7/79/063_Flower_Design_%289221997322%29.jpg
Eastern,Bihar,Patna,Sanjay Gandhi Biological Park,Zoo,Unknown,2.5,4.3,30,Yes,,Wildlife,Yes,0.5,All,Modern,25.6093239,85.1235252,https://en.wikipedia.org/wiki/Sanjay_Gandhi_Biological_Park,https://upload.wikimedia.org/wikipedia/commons/f/fe/An_Elephant_Family_at_Sanjay_Gandhi_Biological_Park%2C_Patna%2C_Bihar%2C_India.jpg
Eastern,Bihar,Patna,Takhat Shri Harimandir Ji Patna Sahib,Gurudwara,Unknown,1.0,4.7,0,Yes,,Religious,Yes,0.25,All,Temple,25.6093239,85.1235252,,images.jpg
Eastern,Bihar,Patna,Budhha Smriti Park,Park,Unknown,1.0,4.4,10,Yes,,Cultural,Yes,0.31,All,Modern,25.6093239,85.1235252,,images.jpg
Northern,Haryana,Gurugram,Kingdom of Dreams,Entertainment,2010,3.0,4.4,1100,Yes,Monday,Entertainment,Yes,0.3,Afternoon,Modern,28.4681299,77.0691264,https://en.wikipedia.org/wiki/Kingdom_of_Dreams,https://upload.wikimedia.org/wikipedia/commons/6/68/Culture_Gully_and_Nautanki_Mahal_auditorium%2C_Kingdom_of_Dreams%2C_Gurgaon.jpg
Northern,Haryana,Gurugram,Ambience Mall,Mall,Unknown,2.0,4.6,0,Yes,,Shopping,Yes,1.2,Afternoon,Modern,28.5042583,77.0972049,https://en.wikipedia.org/wiki/List_of_shopping_malls_in_India,https://upload.wikimedia.org/wikipedia/commons/a/af/22_Camac_St_%283%29.jpg
Northern,Haryana,Gurugram,DLF CyberHub,Commercial Complex,Unknown,2.0,4.7,0,Yes,,Entertainment,Yes,0.71,Afternoon,Modern,28.4646148,77.0299194,https://en.wikipedia.org/wiki/Cyber_City_Gurgaon,https://upload.wikimedia.org/wikipedia/commons/e/e8/Crystal_Clear_app_kedit.svg
Northern,Delhi,New Delhi,Gurudwara Bangla Sahib,Gurudwara,Unknown,1.0,4.8,0,Yes,,Religious,Yes,1.05,All,Temple,28.6280479,77.2093211,https://en.wikipedia.org/wiki/Gurdwara_Bangla_Sahib,https://upload.wikimedia.org/wikipedia/commons/1/10/Bangla_Sahib_Gurdwara_Panorama.jpg
Northern,Uttarakhand,Kedarnath,Kedarnath,Temple,Unknown,1.5,4.8,0,No,,Religious,No,2.0,All,Temple,30.7351836,79.0668727,https://en.wikipedia.org/wiki/Kedarnath,https://upload.wikimedia.org/wikipedia/commons/b/b7/Om_symbol.svg
Central,Uttar Pradesh,Noida,DLF Mall of India,Mall,2016,2.0,4.6,0,Yes,,Shopping,Yes,1.5,All,Modern,28.5674442,77.321124,https://en.wikipedia.org/wiki/List_of_shopping_malls_in_India,https://upload.wikimedia.org/wikipedia/commons/a/af/22_Camac_St_%283%29.jpg
Central,Uttar Pradesh,Greater Noida,The Grand Venice Mall,Mall,Unknown,2.0,4.2,0,Yes,,Shopping,Yes,0.45,All,Modern,28.4526337,77.5262656,https://en.wikipedia.org/wiki/The_Grand_Venice_Mall,https://upload.wikimedia.org/wikipedia/en/b/b4/Ambox_important.svg
Southern,Karnataka,Bengaluru,Wonderla Amusement Park,Amusement Park,2005,4.0,4.5,890,Yes,,Entertainment,Yes,0.95,All,Modern,12.9767936,77.590082,https://en.wikipedia.org/wiki/Wonderla,https://upload.wikimedia.org/wikipedia/commons/3/33/Kochouseph_Chittilappilly_DS.jpg
Eastern,Odisha,Bhubaneswar,Nandankanan Zoological Park,Zoo,1960,3.0,4.4,50,Yes,Monday,Wildlife,Yes,0.81,Afternoon,Modern,20.2602964,85.8394521,https://en.wikipedia.org/wiki/Nandankanan_Zoological_Park,https://upload.wikimedia.org/wikipedia/commons/4/44/Wapiti_from_Wagon_Trails.jpg
Southern,Karnataka,Bengaluru,Orion Mall,Mall,2012,2.0,4.5,0,Yes,,Shopping,Yes,1.8,All,Modern,13.0109788,77.5552238,https://en.wikipedia.org/wiki/Orion_Mall,https://upload.wikimedia.org/wikipedia/commons/a/a3/Mall_of_the_North%2C_Polokwane%2C_Limpopo%2C_South_Africa_%2810186032573%29.jpg
Southern,Telangana,Hyderabad,Inorbit Mall Cyberabad,Mall,2004,2.0,4.5,0,Yes,,Shopping,Yes,1.2,All,Modern,17.4345546,78.3866982,https://en.wikipedia.org/wiki/Inorbit_Mall,https://upload.wikimedia.org/wikipedia/commons/1/1a/In_Orbit_Mall.jpg
Northern,Delhi,New Delhi,Jama Masjid,Mosque,1656,1.0,4.5,0,Yes,,Historical,Yes,0.49,All,Temple,28.595544,77.1213161,"https://en.wikipedia.org/wiki/Jama_Mosque,_Delhi",https://upload.wikimedia.org/wikipedia/commons/4/4e/Allah-green.svg
Southern,Tamil Nadu,Rameswaram,Ramanathaswamy Temple,Temple,Unknown,1.5,4.7,0,Yes,,Religious,No,0.1,All,Temple,9.2880968,79.3173756,https://en.wikipedia.org/wiki/Ramanathaswamy_Temple,https://upload.wikimedia.org/wikipedia/commons/0/06/43Rameswaram_The_Great_Corridor.jpg
Central,Uttar Pradesh,Greater Noida,Buddh International Circuit,Race Track,2011,2.0,4.6,1500,Yes,Sunday,Sports,Yes,7.4,All,Modern,28.4670734,77.5137649,https://en.wikipedia.org/wiki/Buddh_International_Circuit,https://upload.wikimedia.org/wikipedia/commons/5/5c/Alonso_Buddh_2011.jpg
Central,Uttar Pradesh,Lucknow,Phoenix Palassio,Mall,2020,2.0,4.6,0,Yes,,Shopping,Yes,0.35,All,Modern,26.8087716,81.0127929,,images.jpg
Southern,Kerala,Kochi,LuLu International Shopping Mall,Mall,2013,3.0,4.6,0,Yes,,Shopping,Yes,1.9,All,Modern,10.0272184,76.3078873,"https://en.wikipedia.org/wiki/Lulu_International_Shopping_Mall,_Kochi",https://upload.wikimedia.org/wikipedia/commons/f/fd/Corridor_to_Lulu_Mall_from_Edappally_Metro_Station.jpg
Northern,Delhi,New Delhi,Rail Museum,Museum,1977,2.0,4.4,50,Yes,Monday,Cultural,Yes,0.24,Morning,Other,28.5845087,77.1822234,"https://en.wikipedia.org/wiki/National_Rail_Museum,_New_Delhi",https://upload.wikimedia.org/wikipedia/commons/4/49/65t_Capacity_Crane_at_NRM.jpg
North Eastern,Meghalaya,Cherrapunji,Living Root Bridge,Natural Feature,Unknown,2.0,4.6,0,No,,Nature,Yes,0.06,Morning,Hidden Gem,25.2777336,91.7292416,https://en.wikipedia.org/wiki/Living_root_bridge,https://upload.wikimedia.org/wikipedia/commons/9/9b/10_Shnongpdei_1.JPG
Western,Gujarat,Gandhinagar,Akshardham,Temple,1992,3.0,4.6,0,Yes,Monday,Religious,No,0.18,All,Temple,23.2307543,72.6738324,https://en.wikipedia.org/wiki/Swaminarayan_Akshardham_(Gandhinagar),https://upload.wikimedia.org/wikipedia/commons/7/77/Akshardham_Gandhinagar_Gujarat.jpg
Central,Uttar Pradesh,Agra,Agra Fort,Fort,1565,2.0,4.5,40,Yes,,Historical,Yes,1.3,Afternoon,Heritage,27.1798258,78.0208223,https://en.wikipedia.org/wiki/Agra_Fort,https://upload.wikimedia.org/wikipedia/commons/6/6b/AgraFortColumn.jpg
Central,Madhya Pradesh,Bhopal,Madhya Pradesh Tribal Museum,Museum,2013,2.0,4.7,10,Yes,Monday,Cultural,Yes,0.15,All,Other,23.2584857,77.401989,https://en.wikipedia.org/wiki/Tribal_Museum_Bhopal,https://upload.wikimedia.org/wikipedia/commons/6/64/Tribal_Museum_Bhopal_1.jpg
Northern,Rajasthan,Jaipur,City Palace,Palace,1727,2.0,4.4,200,Yes,,Historical,Yes,0.51,Morning,Heritage,26.9262096,75.8238346,"https://en.wikipedia.org/wiki/City_Palace,_Jaipur",https://upload.wikimedia.org/wikipedia/commons/1/1b/A_masterpiece_of_oriental_magnificence_-_palace_of_the_Maharaja_of_Jeypore%2C_India.jpg
Northern,Rajasthan,Jaipur,Albert Hall Museum,Museum,1887,2.0,4.5,200,Yes,,Historical,Yes,0.63,All,Other,26.9117053,75.8194973,https://en.wikipedia.org/wiki/Albert_Hall_Museum,https://upload.wikimedia.org/wikipedia/commons/c/c4/A_Jain_muni.jpg
